eyebrow_raise,lip_tension,head_nod_intensity,symmetry_delta,blink_rate,stress_score
0.03204512596130371,6.079673767089844e-05,0.1472078561782837,0.13355228304862976,0.017057359218597412,3.9725632071495056
0.030936717987060547,0.0002205967903137207,0.14767444133758545,0.1325632929801941,0.016114354133605957,3.931924343109131
0.03174084424972534,0.00010818243026733398,0.14785248041152954,0.13182339072227478,0.015931129455566406,3.9361366033554077
0.03174096345901489,0.00024169683456420898,0.14711838960647583,0.1325615644454956,0.0161859393119812,3.943881571292877
0.03366583585739136,0.00017523765563964844,0.14786094427108765,0.13320139050483704,0.015596926212310791,3.9874510169029236
0.033080339431762695,0.00030100345611572266,0.1481723189353943,0.13362273573875427,0.016465187072753906,3.9991986751556396
0.03235960006713867,0.00010722875595092773,0.14879381656646729,0.13313999772071838,0.01607060432434082,3.975799322128296
0.03298670053482056,2.7418136596679688e-06,0.1487208604812622,0.13339194655418396,0.015896081924438477,3.986136555671692
0.032519757747650146,0.00023382902145385742,0.148845374584198,0.13296329975128174,0.015961170196533203,3.9780349731445312
0.03206348419189453,0.0002455711364746094,0.1496260166168213,0.1332310438156128,0.016547322273254395,3.988932490348816
0.03175640106201172,0.0002875328063964844,0.15026015043258667,0.13299396634101868,0.01687830686569214,3.992007315158844
0.03199845552444458,0.00019562244415283203,0.14851558208465576,0.13341352343559265,0.01702880859375,3.985040545463562
0.030865252017974854,0.0001024007797241211,0.14794766902923584,0.1333458125591278,0.01724940538406372,3.957515776157379
0.031194984912872314,5.930662155151367e-05,0.14692020416259766,0.13243302702903748,0.01691526174545288,3.937094509601593
0.031039953231811523,0.00010138750076293945,0.14945518970489502,0.1328214406967163,0.016371488571166992,3.956605553627014
0.030718624591827393,0.00013643503189086914,0.15096092224121094,0.13275456428527832,0.017600655555725098,3.983502149581909
0.03138601779937744,3.2901763916015625e-05,0.14986824989318848,0.13237053155899048,0.017441630363464355,3.977065920829773
0.031287550926208496,3.063678741455078e-05,0.1501438021659851,0.13256213068962097,0.01735818386077881,3.9788588285446167
0.03103405237197876,5.805492401123047e-05,0.14892935752868652,0.13309535384178162,0.017614006996154785,3.9723739624023438
0.030635178089141846,1.9729137420654297e-05,0.1492491364479065,0.13384932279586792,0.01731628179550171,3.9714861512184143
0.030594229698181152,4.363059997558594e-05,0.14923250675201416,0.13237425684928894,0.017111778259277344,3.9501627683639526
0.03008127212524414,3.421306610107422e-05,0.14997589588165283,0.13248422741889954,0.017320334911346436,3.9516159892082214
0.029678046703338623,1.6868114471435547e-05,0.15074187517166138,0.1318768858909607,0.017503857612609863,3.9463638067245483
0.03004223108291626,1.1980533599853516e-05,0.15152448415756226,0.1326683759689331,0.017599642276763916,3.972320258617401
0.029789090156555176,0.0001138448715209961,0.15232229232788086,0.1313071846961975,0.01835530996322632,3.972069799900055
0.02975940704345703,0.00027680397033691406,0.15626835823059082,0.1314963400363922,0.018294692039489746,4.015230655670166
0.03048926591873169,0.00010067224502563477,0.15992039442062378,0.13114836812019348,0.01797926425933838,4.0542707443237305
0.02964627742767334,0.00015097856521606445,0.1600896120071411,0.13125810027122498,0.0188906192779541,4.054995775222778
0.030958175659179688,0.00011664628982543945,0.16396713256835938,0.1307816505432129,0.019432246685028076,4.121797978878021
0.03177225589752197,0.0005015134811401367,0.16609710454940796,0.12920349836349487,0.01964092254638672,4.150499224662781
0.032007455825805664,0.0004590153694152832,0.1693090796470642,0.12944498658180237,0.017875373363494873,4.162972629070282
0.030045628547668457,0.00048422813415527344,0.16892927885055542,0.12856069207191467,0.016602754592895508,4.090691089630127
0.03159528970718384,0.0003425478935241699,0.17071914672851562,0.12857329845428467,0.016391336917877197,4.134012758731842
0.0307081937789917,0.0004107356071472168,0.16901034116744995,0.12790465354919434,0.016900062561035156,4.100017309188843
0.0329166054725647,2.4616718292236328e-05,0.16590183973312378,0.12725049257278442,0.01607304811477661,4.085895240306854
0.032592058181762695,0.00032407045364379883,0.1693744659423828,0.1262739896774292,0.016746163368225098,4.117899417877197
0.030605792999267578,2.6881694793701172e-05,0.17060232162475586,0.12627717852592468,0.017194271087646484,4.09186315536499
0.03263270854949951,0.000807344913482666,0.16944879293441772,0.1256084442138672,0.018487393856048584,4.1462865471839905
0.03280472755432129,0.0007798671722412109,0.1685640811920166,0.12374481558799744,0.017184197902679443,4.0984737277030945
0.03353482484817505,5.4717063903808594e-05,0.16861212253570557,0.12393993139266968,0.014712035655975342,4.0657623410224915
0.03201603889465332,0.0004509091377258301,0.16602402925491333,0.12240517139434814,0.01579570770263672,4.014475107192993
0.03250777721405029,0.0001863241195678711,0.16704988479614258,0.12109413743019104,0.015106260776519775,4.003731787204742
0.03060472011566162,0.00023227930068969727,0.16065692901611328,0.12130358815193176,0.016726315021514893,3.9293825030326843
0.03155165910720825,9.715557098388672e-06,0.15453040599822998,0.11868137121200562,0.01507633924484253,3.826833665370941
0.032054126262664795,7.200241088867188e-05,0.149397075176239,0.11762645840644836,0.015163242816925049,3.7753154635429382
0.031176447868347168,0.00017875432968139648,0.15409868955612183,0.11726933717727661,0.016189157962799072,3.817802846431732
0.030807554721832275,0.00033587217330932617,0.1483243703842163,0.11669674515724182,0.015775322914123535,3.7424312829971313
0.03267073631286621,0.0001881718635559082,0.14468830823898315,0.1158180832862854,0.014704525470733643,3.7140697836875916
0.03172910213470459,0.00020110607147216797,0.1449761986732483,0.11663904786109924,0.015403807163238525,3.7186896204948425
0.030916452407836914,2.0503997802734375e-05,0.14339035749435425,0.11470821499824524,0.01560598611831665,3.6631900668144226
0.02867990732192993,5.5670738220214844e-05,0.14119738340377808,0.1133977472782135,0.016227364540100098,3.5907574892044067
0.028648853302001953,0.00010764598846435547,0.14067363739013672,0.11323601007461548,0.015194952487945557,3.5684074759483337
0.028537392616271973,0.0001277327537536621,0.13791590929031372,0.11268103122711182,0.01508188247680664,3.530606746673584
0.028380632400512695,0.0001316666603088379,0.13531392812728882,0.11091476678848267,0.014491260051727295,3.4714680314064026
0.02743452787399292,0.00015300512313842773,0.13752120733261108,0.11017519235610962,0.014847099781036377,3.471465528011322
0.027995586395263672,4.8041343688964844e-05,0.13140243291854858,0.11058437824249268,0.014692187309265137,3.42219614982605
0.027827024459838867,0.00011777877807617188,0.13257193565368652,0.11052674055099487,0.015034019947052002,3.436211049556732
0.027199983596801758,0.00016379356384277344,0.12979215383529663,0.10954636335372925,0.015024662017822266,3.3847957849502563
0.027079403400421143,8.96453857421875e-05,0.12798237800598145,0.10951709747314453,0.015335500240325928,3.36726313829422
0.026468217372894287,0.00012814998626708984,0.12805801630020142,0.10933530330657959,0.015627741813659668,3.3586909770965576
0.026335477828979492,5.5789947509765625e-05,0.1267412304878235,0.10843527317047119,0.014732062816619873,3.317330300807953
0.026395678520202637,5.125999450683594e-06,0.12584155797958374,0.10874342918395996,0.015925586223602295,3.3302263617515564
0.025625228881835938,5.900859832763672e-06,0.12483566999435425,0.10828834772109985,0.015005886554718018,3.2855159640312195
0.025958478450775146,4.8041343688964844e-05,0.12510430812835693,0.10768574476242065,0.015142679214477539,3.2904465198516846
0.026404261589050293,1.9431114196777344e-05,0.12504422664642334,0.10772043466567993,0.013898253440856934,3.2799962759017944
0.026115596294403076,5.543231964111328e-06,0.12523096799850464,0.10701495409011841,0.014623105525970459,3.2782474160194397
0.025935351848602295,3.546476364135742e-05,0.1228780746459961,0.1073879599571228,0.013977110385894775,3.2464383244514465
0.025689244270324707,2.7418136596679688e-05,0.12457305192947388,0.1061665415763855,0.0138319730758667,3.2414870262145996
0.025744497776031494,6.639957427978516e-05,0.12481218576431274,0.10649549961090088,0.013423502445220947,3.243505537509918
0.025603413581848145,5.4955482482910156e-05,0.12555420398712158,0.10622459650039673,0.013698041439056396,3.248765289783478
0.025593936443328857,1.7821788787841797e-05,0.12613290548324585,0.10543173551559448,0.01434946060180664,3.25395131111145
0.025046110153198242,1.4066696166992188e-05,0.12756067514419556,0.10437017679214478,0.014559507369995117,3.2476168870925903
0.02541428804397583,1.627206802368164e-05,0.12509983777999878,0.10331898927688599,0.01407843828201294,3.2105814814567566
0.02468430995941162,0.00012534856796264648,0.12582427263259888,0.10308647155761719,0.01391524076461792,3.199951469898224
0.02515566349029541,1.5854835510253906e-05,0.12456303834915161,0.10142099857330322,0.013700366020202637,3.171586513519287
0.024936914443969727,1.722574234008789e-05,0.12603795528411865,0.10083127021789551,0.013647258281707764,3.174112021923065
0.02517557144165039,7.432699203491211e-05,0.1246216893196106,0.10044991970062256,0.01297062635421753,3.151024639606476
0.024909615516662598,4.273653030395508e-05,0.12400346994400024,0.09931910037994385,0.01416558027267456,3.14330917596817
0.025074660778045654,1.919269561767578e-05,0.12272953987121582,0.09879165887832642,0.013331770896911621,3.1146105527877808
0.02529430389404297,8.976459503173828e-05,0.12349593639373779,0.09867304563522339,0.013122737407684326,3.123378813266754
0.024698376655578613,4.011392593383789e-05,0.12252241373062134,0.09825313091278076,0.012517750263214111,3.0867175459861755
0.023670077323913574,0.00017881393432617188,0.1220390796661377,0.09678524732589722,0.012990176677703857,3.053286612033844
0.023644447326660156,9.59634780883789e-06,0.11860668659210205,0.09547066688537598,0.009905874729156494,2.953364670276642
0.023951232433319092,7.325410842895508e-05,0.11838209629058838,0.09325802326202393,0.008992314338684082,2.918145179748535
0.02182304859161377,4.410743713378906e-05,0.11594074964523315,0.09252351522445679,0.00969010591506958,2.8522961735725403
0.020890533924102783,4.7326087951660156e-05,0.11698108911514282,0.09101587533950806,0.00994020700454712,2.8297670483589172
0.022877633571624756,0.0001723170280456543,0.11638879776000977,0.0898333191871643,0.007287383079528809,2.8118529319763184
0.021734654903411865,0.0001825094223022461,0.11270380020141602,0.08971476554870605,0.006818413734436035,2.743869662284851
0.022917747497558594,0.00022673606872558594,0.11174803972244263,0.08861613273620605,0.006206214427947998,2.7364034056663513
0.020807266235351562,0.0001233816146850586,0.11051797866821289,0.08875429630279541,0.006635427474975586,2.68812894821167
0.020972251892089844,0.00014072656631469727,0.11083543300628662,0.08639669418334961,0.007757723331451416,2.683458626270294
0.019459962844848633,9.28044319152832e-05,0.1081538200378418,0.08677184581756592,0.0072460174560546875,2.622360348701477
0.018978655338287354,0.0002478957176208496,0.10747414827346802,0.08458369970321655,0.006132543087005615,2.5657692551612854
0.019731640815734863,1.9073486328125e-06,0.10619693994522095,0.0845106840133667,0.007083714008331299,2.5770204663276672
0.01882302761077881,6.854534149169922e-06,0.10516369342803955,0.0844811201095581,0.007419705390930176,2.5532898902893066
0.021111488342285156,0.00016361474990844727,0.10570186376571655,0.08283531665802002,0.0066759586334228516,2.5763566493988037
0.02072840929031372,0.00018453598022460938,0.10538089275360107,0.08357495069503784,0.007013976573944092,2.5798078179359436
0.022834360599517822,4.8279762268066406e-05,0.10439395904541016,0.0833389163017273,0.006426870822906494,2.597965896129608
0.021496832370758057,0.00015938282012939453,0.1021997332572937,0.08142280578613281,0.008012771606445312,2.5520681142807007
0.02045154571533203,1.4901161193847656e-05,0.10390043258666992,0.08256572484970093,0.007821142673492432,2.5564092993736267
0.0213281512260437,9.083747863769531e-05,0.10382401943206787,0.08217966556549072,0.00762629508972168,2.566988706588745
0.02117741107940674,0.0001131296157836914,0.10329556465148926,0.08276575803756714,0.0077745914459228516,2.5683481693267822
0.021030128002166748,0.00014531612396240234,0.10330510139465332,0.08258378505706787,0.007335782051086426,2.5573114156723022
0.021415293216705322,2.2351741790771484e-05,0.1037055253982544,0.08232039213180542,0.007237613201141357,2.5621723532676697
0.02227872610092163,4.684925079345703e-05,0.10496580600738525,0.08380556106567383,0.006228148937225342,2.5951648354530334
0.021288812160491943,0.00010967254638671875,0.10479754209518433,0.08496963977813721,0.00707852840423584,2.601539373397827
0.020491302013397217,0.00013178586959838867,0.10496687889099121,0.08526235818862915,0.0075223445892333984,2.5978504419326782
0.021824121475219727,0.0001487135887145996,0.10646927356719971,0.08530199527740479,0.007258772850036621,2.636357545852661
0.02215898036956787,4.178285598754883e-05,0.10439956188201904,0.0858379602432251,0.006055474281311035,2.6088149547576904
0.02145528793334961,0.00010156631469726562,0.10728257894515991,0.08687973022460938,0.007717728614807129,2.6620824337005615
0.022256135940551758,0.00016820430755615234,0.10716259479522705,0.08724093437194824,0.007573425769805908,2.680268943309784
0.021477460861206055,4.9591064453125e-05,0.10838061571121216,0.08713752031326294,0.007784545421600342,2.6766664385795593
0.02176600694656372,0.00015205144882202148,0.10964769124984741,0.09015035629272461,0.0067615509033203125,2.717761516571045
0.021611392498016357,0.00022423267364501953,0.11041933298110962,0.09098803997039795,0.007527649402618408,2.745228588581085
0.022249579429626465,0.0001163482666015625,0.11181718111038208,0.08983337879180908,0.008783102035522461,2.775004744529724
0.02369379997253418,5.8531761169433594e-05,0.11464333534240723,0.09092211723327637,0.008794426918029785,2.844344735145569
0.023992955684661865,2.682209014892578e-05,0.11547166109085083,0.09245219826698303,0.010818004608154297,2.906754970550537
0.02263033390045166,0.0001671910285949707,0.11793410778045654,0.09521427750587463,0.012172698974609375,2.9601190090179443
0.022714555263519287,7.802248001098633e-05,0.12097346782684326,0.09915271401405334,0.013353824615478516,3.055570125579834
0.023447632789611816,5.9604644775390625e-06,0.12698066234588623,0.10172626376152039,0.012586116790771484,3.1483734846115112
0.02317911386489868,5.364418029785156e-07,0.12672722339630127,0.1042136549949646,0.013049423694610596,3.177169382572174
0.023656904697418213,2.002716064453125e-05,0.12799257040023804,0.10469174385070801,0.012775897979736328,3.201363682746887
0.025285005569458008,0.00017631053924560547,0.1347355842590332,0.10913598537445068,0.01444995403289795,3.3826106786727905
0.02531641721725464,0.00015753507614135742,0.13604766130447388,0.11247950792312622,0.014473199844360352,3.436492681503296
0.025117337703704834,0.00023192167282104492,0.13441210985183716,0.11281955242156982,0.01523500680923462,3.4330021739006042
0.02564293146133423,0.00012350082397460938,0.14218145608901978,0.1172558069229126,0.014101386070251465,3.5554866790771484
0.02464240789413452,6.562471389770508e-05,0.14778941869735718,0.1203170120716095,0.016376495361328125,3.6613751649856567
0.025381505489349365,0.00010138750076293945,0.15314680337905884,0.12435784935951233,0.017143845558166504,3.790374994277954
0.025837063789367676,2.980232238769531e-07,0.15812760591506958,0.12859231233596802,0.01758742332458496,3.9049417972564697
0.025665104389190674,3.123283386230469e-05,0.17010349035263062,0.13438260555267334,0.018973827362060547,4.112097859382629
0.02839714288711548,0.00020825862884521484,0.17710918188095093,0.1417517066001892,0.019999980926513672,4.343803524971008
0.03122001886367798,3.5822391510009766e-05,0.17690801620483398,0.14693519473075867,0.016812920570373535,4.409541487693787
0.03247338533401489,2.7358531951904297e-05,0.1821867823600769,0.15060871839523315,0.021035313606262207,4.594662308692932
0.029042363166809082,0.00013715028762817383,0.1782054901123047,0.15555036067962646,0.02184617519378662,4.5596678256988525
0.030203521251678467,0.00047510862350463867,0.18069207668304443,0.1575062870979309,0.02417820692062378,4.672291696071625
0.03076082468032837,7.683038711547852e-05,0.17714273929595947,0.1564544439315796,0.02339792251586914,4.616448998451233
0.03195732831954956,0.00097733736038208,0.18507421016693115,0.1610373556613922,0.022769033908843994,4.781464517116547
0.031117498874664307,0.00042241811752319336,0.1766231656074524,0.16416436433792114,0.024264812469482422,4.730129718780518
0.031882286071777344,0.001023709774017334,0.1720947027206421,0.1675357222557068,0.027569591999053955,4.800992071628571
0.033564090728759766,0.0009958744049072266,0.17424839735031128,0.16876265406608582,0.023707091808319092,4.812449753284454
0.034731924533843994,0.0010256767272949219,0.16798073053359985,0.17195484042167664,0.026166915893554688,4.848869800567627
0.03633946180343628,0.0007727146148681641,0.16636204719543457,0.17417064309120178,0.024840950965881348,4.86698055267334
0.03765779733657837,0.002320587635040283,0.17016762495040894,0.17692714929580688,0.025290489196777344,4.999085903167725
0.03837317228317261,0.0008154511451721191,0.17156636714935303,0.17795458436012268,0.025512218475341797,5.01594352722168
0.04028117656707764,0.00018906593322753906,0.16935980319976807,0.1794680953025818,0.02513432502746582,5.033256769180298
0.0394170880317688,0.0019356608390808105,0.1713719367980957,0.1803002953529358,0.026049792766571045,5.091253459453583
0.038999736309051514,0.0015069246292114258,0.1705123782157898,0.18001240491867065,0.026309430599212646,5.067033469676971
0.039678335189819336,0.0003502964973449707,0.16951268911361694,0.17986029386520386,0.02574867010116577,5.0395525097846985
0.03879892826080322,1.6629695892333984e-05,0.17235875129699707,0.179651141166687,0.025819778442382812,5.0429757833480835
0.038189709186553955,0.0007701516151428223,0.1761382818222046,0.18051081895828247,0.029532909393310547,5.148163199424744
0.03858470916748047,0.0018790960311889648,0.17479181289672852,0.18033164739608765,0.028389930725097656,5.1432647705078125
0.03858518600463867,0.0002232193946838379,0.17975986003875732,0.1791681945323944,0.028595685958862305,5.152273893356323
0.03949612379074097,0.0004807710647583008,0.17926448583602905,0.1764773428440094,0.028337419033050537,5.13401061296463
0.03919970989227295,0.0007502436637878418,0.18109887838363647,0.17379644513130188,0.0279160737991333,5.112785816192627
0.038811683654785156,0.0008696317672729492,0.1841888427734375,0.17403006553649902,0.025030851364135742,5.097599029541016
0.03880578279495239,4.965066909790039e-05,0.18119966983795166,0.17318683862686157,0.027022480964660645,5.072585344314575
0.039449095726013184,0.00013053417205810547,0.17622828483581543,0.17237186431884766,0.026278674602508545,5.016256868839264
0.0375404953956604,0.0005786418914794922,0.17673569917678833,0.1704092025756836,0.026094913482666016,4.9649165868759155
0.03778928518295288,0.000417172908782959,0.17809456586837769,0.17093464732170105,0.026024043560028076,4.9858168959617615
0.03685927391052246,0.0004922747611999512,0.16934192180633545,0.17069000005722046,0.02549588680267334,4.870183944702148
0.036742448806762695,0.0005911588668823242,0.1681150197982788,0.17110934853553772,0.02362191677093506,4.834280967712402
0.035349905490875244,0.0011813044548034668,0.16583573818206787,0.17097318172454834,0.023557722568511963,4.7916629910469055
0.03363513946533203,0.0009822845458984375,0.16620302200317383,0.1717684268951416,0.025907158851623535,4.802242636680603
0.03573942184448242,0.0006371140480041504,0.16635233163833618,0.17294418811798096,0.0251123309135437,4.841795027256012
0.036851584911346436,0.00026923418045043945,0.16841155290603638,0.1753804087638855,0.024342834949493408,4.8957008719444275
0.037395358085632324,0.00025403499603271484,0.16849792003631592,0.17820245027542114,0.027344048023223877,4.986049115657806
0.036549925804138184,0.00013774633407592773,0.17972707748413086,0.18296179175376892,0.027791619300842285,5.1431645154953
0.03869950771331787,0.00033587217330932617,0.18132102489471436,0.1814115047454834,0.027279675006866455,5.1793792843818665
0.044142186641693115,0.0008685588836669922,0.1998155117034912,0.1834409236907959,0.025460362434387207,5.479829430580139
0.04362761974334717,0.0003139972686767578,0.19092154502868652,0.183403879404068,0.024968504905700684,5.362793922424316
0.041337549686431885,0.0005145072937011719,0.20122569799423218,0.18438631296157837,0.02628457546234131,5.455173492431641
0.0394669771194458,0.0011933445930480957,0.20513612031936646,0.18590542674064636,0.025358259677886963,5.473419964313507
0.03840881586074829,0.00017333030700683594,0.20594066381454468,0.18393245339393616,0.025858819484710693,5.42577463388443
0.03946805000305176,0.00046521425247192383,0.20925849676132202,0.1831832230091095,0.026593327522277832,5.4874184131622314
0.03859752416610718,8.64267349243164e-06,0.20942926406860352,0.18292120099067688,0.026296794414520264,5.455905020236969
0.0397799015045166,0.0002346038818359375,0.20977628231048584,0.18236508965492249,0.026246964931488037,5.479669272899628
0.042641282081604004,0.000164031982421875,0.21674847602844238,0.1832178235054016,0.026000916957855225,5.611890614032745
0.045797199010849,0.00014579296112060547,0.21758121252059937,0.1841224730014801,0.024396061897277832,5.669790983200073
0.04449272155761719,0.000637352466583252,0.22411662340164185,0.18569010496139526,0.025357067584991455,5.751130282878876
0.04532891511917114,0.00030028820037841797,0.22360682487487793,0.19020840525627136,0.025593280792236328,5.814451813697815
0.045432209968566895,5.4001808166503906e-05,0.22450721263885498,0.18809360265731812,0.025822162628173828,5.79914402961731
0.04623103141784668,0.00032913684844970703,0.22554022073745728,0.18765485286712646,0.023943006992340088,5.79695063829422
0.04664880037307739,0.0005910992622375488,0.2278451919555664,0.18811514973640442,0.023997366428375244,5.8394100069999695
0.04800713062286377,0.0001621842384338379,0.23155301809310913,0.18998807668685913,0.02406477928161621,5.9194207191467285
0.04815894365310669,0.0001677870750427246,0.23954105377197266,0.19354236125946045,0.024383902549743652,6.04987645149231
0.04731804132461548,0.0005333125591278076,0.2403550148010254,0.1938883364200592,0.02608853578567505,6.0774986743927
0.04886740446090698,0.0008482038974761963,0.23857802152633667,0.19582262635231018,0.028023183345794678,6.14861524105072
0.04875326156616211,0.0012370944023132324,0.24404442310333252,0.1959705948829651,0.02778148651123047,6.206146597862244
0.04814910888671875,0.0015592575073242188,0.24616509675979614,0.1974049210548401,0.028076469898223877,6.242705881595612
0.04893451929092407,0.0020088553428649902,0.2505289316177368,0.19977283477783203,0.028607487678527832,6.346525430679321
0.04930207133293152,0.0019422471523284912,0.2574136257171631,0.20395010709762573,0.030667603015899658,6.502553462982178
0.04987284541130066,0.0025028586387634277,0.2571694850921631,0.20265018939971924,0.03026401996612549,6.499965786933899
0.051115453243255615,0.0020297765731811523,0.2577400803565979,0.20605280995368958,0.03144150972366333,6.580502212047577
0.0513802170753479,0.0021860897541046143,0.2648310661315918,0.20792382955551147,0.032021164894104004,6.690668046474457
0.05176001787185669,0.0022073984146118164,0.26597142219543457,0.21076536178588867,0.03205043077468872,6.744588553905487
0.05245298147201538,0.0019237995147705078,0.2663719058036804,0.21357429027557373,0.032124102115631104,6.792160093784332
0.052375614643096924,0.0009427964687347412,0.2714117169380188,0.21376842260360718,0.03257715702056885,6.832478225231171
0.052300333976745605,0.0009360313415527344,0.27261680364608765,0.21499955654144287,0.032867431640625,6.862029433250427
0.052753984928131104,0.0018106698989868164,0.2731839418411255,0.2152913212776184,0.033511459827423096,6.905678927898407
0.05336707830429077,0.0010989606380462646,0.2780129909515381,0.2143080234527588,0.033001601696014404,6.933973073959351
0.056331485509872437,0.001106351613998413,0.2765665650367737,0.21540683507919312,0.029733598232269287,6.943095684051514
0.05545327067375183,0.0008224248886108398,0.2734030485153198,0.21787816286087036,0.030054748058319092,6.923258721828461
0.05540651082992554,0.0009024441242218018,0.271321177482605,0.22063905000686646,0.031904518604278564,6.963822364807129
0.05598258972167969,0.001071542501449585,0.27057015895843506,0.21833425760269165,0.03199625015258789,6.944595992565155
0.05510246753692627,0.0010030567646026611,0.2723205089569092,0.2200155258178711,0.032669126987457275,6.973532676696777
0.05555683374404907,0.00046700239181518555,0.2726327180862427,0.21944504976272583,0.0318143367767334,6.9564255475997925
0.05610427260398865,0.0002708137035369873,0.27345532178878784,0.21937718987464905,0.03017592430114746,6.946678459644318
0.05574309825897217,0.00012066960334777832,0.2712513208389282,0.218755304813385,0.02995157241821289,6.903884470462799
0.053559303283691406,0.0003579258918762207,0.2702678442001343,0.21863827109336853,0.03098142147064209,6.868687748908997
0.05463644862174988,0.00017264485359191895,0.2699640989303589,0.21798712015151978,0.03045874834060669,6.868204236030579
0.053661048412323,0.0006831586360931396,0.2674374580383301,0.21759504079818726,0.03061455488204956,6.830251216888428
0.05335545539855957,0.0011865496635437012,0.26505303382873535,0.21675848960876465,0.030328750610351562,6.795030474662781
0.05346214771270752,0.0010807514190673828,0.263275682926178,0.21421238780021667,0.030088424682617188,6.743328332901001
0.051827311515808105,0.0013468265533447266,0.2606620788574219,0.21183118224143982,0.029559195041656494,6.652772009372711
0.05323916673660278,0.0012115240097045898,0.254449725151062,0.2112472951412201,0.02976888418197632,6.612588822841644
0.05138629674911499,0.0006143450736999512,0.25167685747146606,0.21028384566307068,0.029818296432495117,6.5262333154678345
0.05268359184265137,0.0006240010261535645,0.24780327081680298,0.20799940824508667,0.03021693229675293,6.492183446884155
0.05214273929595947,0.00011986494064331055,0.24580049514770508,0.20627111196517944,0.02908879518508911,6.41460257768631
0.05143210291862488,8.893013000488281e-05,0.24195683002471924,0.20366591215133667,0.028737545013427734,6.324865221977234
0.050747036933898926,0.0003701448440551758,0.23814630508422852,0.19989299774169922,0.029463589191436768,6.243736207485199
0.051288485527038574,5.984306335449219e-05,0.23543518781661987,0.19827815890312195,0.02982962131500244,6.207980990409851
0.05037492513656616,0.00020807981491088867,0.23696988821029663,0.1967514455318451,0.027861058712005615,6.159876048564911
0.04960834980010986,5.2094459533691406e-05,0.2304520606994629,0.19592875242233276,0.027494370937347412,6.061185896396637
0.04869455099105835,8.219480514526367e-05,0.2286631464958191,0.1907997727394104,0.02779543399810791,5.968530774116516
0.04932516813278198,0.000254213809967041,0.22656649351119995,0.18837261199951172,0.026671409606933594,5.91728663444519
0.04907757043838501,0.00015157461166381836,0.22095078229904175,0.18308216333389282,0.02511519193649292,5.767501413822174
0.05021929740905762,9.900331497192383e-05,0.21645808219909668,0.1790834665298462,0.023829996585845947,5.677200376987457
0.04700469970703125,0.00011837482452392578,0.2172987461090088,0.17827224731445312,0.024799585342407227,5.6264729499816895
0.046962618827819824,5.632638931274414e-05,0.20832866430282593,0.17394882440567017,0.02294635772705078,5.455134153366089
0.04497343301773071,6.240606307983398e-05,0.2100926637649536,0.17191925644874573,0.024126946926116943,5.42645388841629
0.04335424304008484,8.755922317504883e-05,0.20311766862869263,0.16862398386001587,0.02519562840461731,5.301259845495224
0.043179839849472046,6.341934204101562e-05,0.20170378684997559,0.1657697558403015,0.024033933877944946,5.231522291898727
0.04214054346084595,4.673004150390625e-05,0.19616180658340454,0.1620849370956421,0.023375630378723145,5.100923776626587
0.04085874557495117,4.9054622650146484e-05,0.19512468576431274,0.1568615734577179,0.02280324697494507,4.993692338466644
0.039346933364868164,6.824731826782227e-05,0.19101858139038086,0.15203195810317993,0.021666526794433594,4.847734332084656
0.036650657653808594,0.0002810359001159668,0.1874367594718933,0.14987847208976746,0.021659016609191895,4.73586630821228
0.034546464681625366,4.4345855712890625e-05,0.18496400117874146,0.14519494771957397,0.021307826042175293,4.603324294090271
0.03400799632072449,0.0005359053611755371,0.18145650625228882,0.1425606608390808,0.02031552791595459,4.519832134246826
0.03353187441825867,0.0004234910011291504,0.17945486307144165,0.13708502054214478,0.019412517547607422,4.409016966819763
0.031527042388916016,0.00033468008041381836,0.17272400856018066,0.13360637426376343,0.01925826072692871,4.2559555768966675
0.03101646900177002,3.4570693969726562e-06,0.16749346256256104,0.13092035055160522,0.01878798007965088,4.148190140724182
0.031906187534332275,0.0001252293586730957,0.16485512256622314,0.12844997644424438,0.018076598644256592,4.101477801799774
0.02963283658027649,0.0003033876419067383,0.15748471021652222,0.12399250268936157,0.018037497997283936,3.931437313556671
0.02917957305908203,0.00039565563201904297,0.15253138542175293,0.12056589126586914,0.017746686935424805,3.8290181159973145
0.02928340435028076,7.677078247070312e-05,0.15093755722045898,0.11728817224502563,0.01592797040939331,3.742803156375885
0.029464125633239746,0.00019496679306030273,0.14743632078170776,0.11478185653686523,0.014092803001403809,3.655929446220398
0.028967082500457764,0.00019973516464233398,0.1384657621383667,0.11351865530014038,0.014014184474945068,3.540031135082245
0.028832435607910156,3.3855438232421875e-05,0.13890290260314941,0.1100238561630249,0.013624429702758789,3.4909398555755615
0.028284430503845215,8.386373519897461e-05,0.13353121280670166,0.10847657918930054,0.012781143188476562,3.3959463834762573
0.02780294418334961,0.0003344416618347168,0.131056547164917,0.10604220628738403,0.012602686882019043,3.334191083908081
0.026803404092788696,0.00014889240264892578,0.12847548723220825,0.10412842035293579,0.012236297130584717,3.2565885186195374
0.02628311514854431,1.8477439880371094e-05,0.12972426414489746,0.10386210680007935,0.01251673698425293,3.2573338747024536
0.026004105806350708,5.1021575927734375e-05,0.12700766324996948,0.10142320394515991,0.012630939483642578,3.197619676589966
0.02477562427520752,0.0002492666244506836,0.12353277206420898,0.09996551275253296,0.012215793132781982,3.118150055408478
0.023908019065856934,0.00019615888595581055,0.1196821928024292,0.09887838363647461,0.011881649494171143,3.0432785153388977
0.02445542812347412,0.00010269880294799805,0.11725038290023804,0.09762245416641235,0.012029051780700684,3.0153661966323853
0.02485567331314087,7.110834121704102e-05,0.11594879627227783,0.09629523754119873,0.01200878620147705,2.993556022644043
0.024943411350250244,0.00014382600784301758,0.11457741260528564,0.09548681974411011,0.011859357357025146,2.970963418483734
0.02388399839401245,0.00017404556274414062,0.11302000284194946,0.09358000755310059,0.01178652048110962,2.9107707142829895
0.024430394172668457,0.00028520822525024414,0.11386924982070923,0.09310287237167358,0.011662483215332031,2.9246058464050293
0.024272382259368896,0.00019627809524536133,0.11132460832595825,0.0928533673286438,0.010918915271759033,2.880250871181488
0.023758113384246826,0.0002911090850830078,0.10999709367752075,0.09079891443252563,0.0102386474609375,2.8235398530960083
0.02325981855392456,0.00028592348098754883,0.10944366455078125,0.09094566106796265,0.010429024696350098,2.812562942504883
0.02239006757736206,0.00024247169494628906,0.10776656866073608,0.0890992283821106,0.010692715644836426,2.759413003921509
0.022704362869262695,0.00015980005264282227,0.10535299777984619,0.08914715051651001,0.01084524393081665,2.7429381012916565
0.023466408252716064,0.00019174814224243164,0.10355466604232788,0.08716326951980591,0.009864449501037598,2.7022522687911987
0.02210533618927002,0.0003139972686767578,0.10297691822052002,0.08773642778396606,0.010359227657318115,2.6857534050941467
0.022860169410705566,0.0003170967102050781,0.10336679220199585,0.08761930465698242,0.00934678316116333,2.6882124543190002
0.02168482542037964,0.00031691789627075195,0.10210222005844116,0.08726072311401367,0.010149717330932617,2.6597976684570312
0.020456254482269287,0.00016188621520996094,0.10129207372665405,0.08598595857620239,0.010045826435089111,2.607478678226471
0.022060513496398926,0.00017714500427246094,0.09985977411270142,0.085055410861969,0.009919703006744385,2.6124570965766907
0.02127385139465332,0.00012820959091186523,0.09948205947875977,0.0841209888458252,0.009717941284179688,2.5778263807296753
0.022074103355407715,0.00011944770812988281,0.09859144687652588,0.0843546986579895,0.009341835975646973,2.5819305181503296
0.023739099502563477,3.808736801147461e-05,0.09906154870986938,0.08376312255859375,0.009167671203613281,2.608755588531494
0.02351963520050049,1.0609626770019531e-05,0.096518874168396,0.08413958549499512,0.009348571300506592,2.5856760144233704
0.02284294366836548,0.0002123117446899414,0.09984904527664185,0.08395463228225708,0.009232938289642334,2.605120599269867
0.022483110427856445,8.106231689453125e-06,0.09787023067474365,0.08383935689926147,0.009340286254882812,2.5746870040893555
0.023187339305877686,0.0002974867820739746,0.09955185651779175,0.08341449499130249,0.00918644666671753,2.6033907532691956
0.024350285530090332,0.00038129091262817383,0.09951990842819214,0.08348298072814941,0.008872449398040771,2.6239505410194397
0.023028016090393066,0.0005744695663452148,0.10027974843978882,0.08315670490264893,0.009572088718414307,2.615160048007965
0.02331644296646118,0.0008650422096252441,0.09916478395462036,0.08432292938232422,0.00998377799987793,2.635179281234741
0.024235785007476807,0.0005458593368530273,0.1000821590423584,0.08364766836166382,0.009855926036834717,2.646973669528961
0.024518966674804688,0.00016111135482788086,0.10024619102478027,0.08574032783508301,0.009635865688323975,2.669163167476654
0.025399982929229736,0.0004905462265014648,0.10254520177841187,0.08714169263839722,0.009648680686950684,2.7327120304107666
0.023561716079711914,0.0007438063621520996,0.10394585132598877,0.08824849128723145,0.010314524173736572,2.7377811074256897
0.02525484561920166,0.0002474188804626465,0.10438168048858643,0.08986067771911621,0.010212481021881104,2.784882605075836
0.02535402774810791,0.00014293193817138672,0.10552805662155151,0.09239763021469116,0.010255038738250732,2.8275310397148132
0.027204453945159912,4.1544437408447266e-05,0.10733383893966675,0.0934685468673706,0.009622752666473389,2.884139120578766
0.025781869888305664,4.601478576660156e-05,0.11047965288162231,0.09603488445281982,0.011697888374328613,2.9491491317749023
0.02608931064605713,0.0003692507743835449,0.11414939165115356,0.09849196672439575,0.011626601219177246,3.0262292623519897
0.025825321674346924,0.00022906064987182617,0.12013036012649536,0.10088372230529785,0.012070715427398682,3.1135985255241394
0.027585208415985107,9.965896606445312e-05,0.12651968002319336,0.10376602411270142,0.012942612171173096,3.2580263018608093
0.027243614196777344,0.0003693699836730957,0.129436194896698,0.10701262950897217,0.012129902839660645,3.3119829893112183
0.026580512523651123,3.629922866821289e-05,0.13664716482162476,0.10886931419372559,0.014136016368865967,3.4172073006629944
0.028015732765197754,0.00031828880310058594,0.1433153748512268,0.11305633187294006,0.014083504676818848,3.567126154899597
0.026972472667694092,1.0728836059570312e-06,0.14864510297775269,0.11543631553649902,0.015531957149505615,3.6441349387168884
0.028492331504821777,0.00032895803451538086,0.1529504656791687,0.11966478824615479,0.016160011291503906,3.7836501598358154
0.02991795539855957,0.0005144476890563965,0.1633196473121643,0.12413057684898376,0.016000807285308838,3.9703946709632874
0.031064271926879883,0.000400543212890625,0.16657942533493042,0.12678301334381104,0.01683056354522705,4.068144083023071
0.032817959785461426,7.241964340209961e-05,0.17412012815475464,0.13180488348007202,0.016713857650756836,4.2312304973602295
0.03263521194458008,0.00023925304412841797,0.17597293853759766,0.13495498895645142,0.01810818910598755,4.30782288312912
0.03382176160812378,0.0001017451286315918,0.1857280731201172,0.14100787043571472,0.017055988311767578,4.4834816455841064
0.035777926445007324,8.684396743774414e-05,0.19002580642700195,0.14436590671539307,0.01928311586380005,4.639017403125763
0.03811907768249512,0.00011599063873291016,0.19271165132522583,0.15005525946617126,0.018458127975463867,4.769120931625366
0.037083566188812256,0.00037175416946411133,0.1969740390777588,0.15488380193710327,0.019926071166992188,4.875599980354309
0.03774523735046387,0.00039821863174438477,0.20076000690460205,0.15821006894111633,0.020933449268341064,4.982195317745209
0.03820633888244629,0.00025659799575805664,0.20113855600357056,0.16181856393814087,0.02162402868270874,5.046314299106598
0.03741186857223511,0.00044333934783935547,0.20990914106369019,0.16619873046875,0.02319556474685669,5.197627127170563
0.03950446844100952,2.9146671295166016e-05,0.21030205488204956,0.1705724596977234,0.022367477416992188,5.2760162353515625
0.040017783641815186,0.0009630918502807617,0.2133948802947998,0.17401471734046936,0.024179399013519287,5.402507722377777
0.040805160999298096,0.0012406706809997559,0.2113472819328308,0.1775345802307129,0.025069713592529297,5.45836877822876
0.039944589138031006,0.0014953017234802246,0.2127000093460083,0.1814844012260437,0.02570587396621704,5.516208231449127
0.041591763496398926,0.001345515251159668,0.21554595232009888,0.18355953693389893,0.026190876960754395,5.607091665267944
0.042132019996643066,0.0018001198768615723,0.2175998091697693,0.18538200855255127,0.025939106941223145,5.664711356163025
0.04205256700515747,0.0014488697052001953,0.21949708461761475,0.1866208016872406,0.02645707130432129,5.698407530784607
0.04199635982513428,0.0015166401863098145,0.2212316393852234,0.18900880217552185,0.02681434154510498,5.749863862991333
0.04268139600753784,0.0017025470733642578,0.22168844938278198,0.19110628962516785,0.027395546436309814,5.805366933345795
0.04375624656677246,0.0010353922843933105,0.22400712966918945,0.1915987730026245,0.02726566791534424,5.842003583908081
0.043872952461242676,0.0008515715599060059,0.22379577159881592,0.19371360540390015,0.026858389377593994,5.8581841588020325
0.04390251636505127,0.0010989904403686523,0.22305089235305786,0.1949159801006317,0.027186036109924316,5.875123381614685
0.04330378770828247,0.0008891820907592773,0.2231971025466919,0.19655078649520874,0.02799457311630249,5.892580091953278
0.04367256164550781,0.00022011995315551758,0.22453957796096802,0.19325530529022217,0.028632044792175293,5.871353507041931
0.0453183650970459,0.0006577372550964355,0.228257954120636,0.19527244567871094,0.02724778652191162,5.952772259712219
0.04297405481338501,0.000469207763671875,0.2246057391166687,0.19667991995811462,0.028889119625091553,5.90748006105423
0.04319298267364502,0.00012189149856567383,0.22659921646118164,0.19498753547668457,0.027637243270874023,5.886454939842224
0.04395592212677002,0.0008309483528137207,0.22898638248443604,0.19598475098609924,0.027081608772277832,5.941980481147766
0.043752312660217285,0.000751793384552002,0.23169416189193726,0.19788941740989685,0.02816641330718994,6.002689361572266
0.04487830400466919,0.0011674761772155762,0.23243987560272217,0.19956091046333313,0.029228150844573975,6.076132595539093
0.04690241813659668,0.0014161467552185059,0.23389047384262085,0.20453554391860962,0.02809596061706543,6.178309679031372
0.046871721744537354,0.002025306224822998,0.23609089851379395,0.20536008477210999,0.0272405743598938,6.207728564739227
0.047771990299224854,0.0019237995147705078,0.23508340120315552,0.207677960395813,0.027712523937225342,6.248725593090057
0.04944878816604614,0.0017530322074890137,0.23701000213623047,0.20853212475776672,0.027062714099884033,6.298956573009491
0.04996830224990845,0.001598954200744629,0.23826217651367188,0.20959272980690002,0.028158187866210938,6.348254561424255
0.05003136396408081,0.0015545487403869629,0.23894667625427246,0.21115118265151978,0.02836024761199951,6.377293825149536
0.04865145683288574,0.00199049711227417,0.2406524419784546,0.2124558687210083,0.03071969747543335,6.425648391246796
0.04838651418685913,0.0016344785690307617,0.24418926239013672,0.21320027112960815,0.030677855014801025,6.457614600658417
0.04905349016189575,0.0016164183616638184,0.2476581335067749,0.21534594893455505,0.030624687671661377,6.530268371105194
0.048992156982421875,0.0016554594039916992,0.24666881561279297,0.21527451276779175,0.030055105686187744,6.510450303554535
0.0499342679977417,0.0015295147895812988,0.24821090698242188,0.21644213795661926,0.030727386474609375,6.566542148590088
0.04969853162765503,0.0021660327911376953,0.24927526712417603,0.21836572885513306,0.03110283613204956,6.612643182277679
0.04993849992752075,0.002209007740020752,0.24790173768997192,0.2182667851448059,0.03151637315750122,6.609496533870697
0.05052781105041504,0.0018278956413269043,0.2512168288230896,0.2202642858028412,0.031269729137420654,6.667843997478485
0.05043816566467285,0.001952826976776123,0.24894863367080688,0.22134172916412354,0.031196296215057373,6.657445728778839
0.04998326301574707,0.0021796822547912598,0.2504815459251404,0.22030195593833923,0.03018862009048462,6.640167772769928
0.05073690414428711,0.002685844898223877,0.24898093938827515,0.21891191601753235,0.029986858367919922,6.6296385526657104
0.05152237415313721,0.0019736886024475098,0.24571770429611206,0.2197343409061432,0.029671430587768555,6.6050344705581665
0.05092215538024902,0.0019271373748779297,0.2472832202911377,0.2171095609664917,0.02980494499206543,6.578352689743042
0.0512426495552063,0.0016757845878601074,0.2511829137802124,0.21715047955513,0.030438601970672607,6.629231035709381
0.0505368709564209,0.0017465949058532715,0.2520301938056946,0.21591290831565857,0.029867112636566162,6.601439654827118
0.050095438957214355,0.0017336606979370117,0.25376182794570923,0.212174654006958,0.027105331420898438,6.523408770561218
0.05212348699569702,0.0017744898796081543,0.2556748390197754,0.21189743280410767,0.02544271945953369,6.5555689334869385
0.05244487524032593,0.0018137097358703613,0.25370681285858154,0.20957666635513306,0.025204598903656006,6.511601388454437
0.05230492353439331,0.0010742545127868652,0.24793511629104614,0.20890048146247864,0.024457812309265137,6.418459177017212
0.05214160680770874,0.0006363987922668457,0.24937647581100464,0.20715567469596863,0.02548360824584961,6.416174292564392
0.05125439167022705,0.0013608336448669434,0.2435530424118042,0.20684188604354858,0.027479231357574463,6.379404366016388
0.05022609233856201,0.00040221214294433594,0.2414841651916504,0.2057633101940155,0.0287896990776062,6.327608525753021
0.04988795518875122,0.0004458427429199219,0.23869001865386963,0.2016308605670929,0.027809083461761475,6.229391038417816
0.05059558153152466,0.0012955069541931152,0.2341299057006836,0.19925475120544434,0.02664250135421753,6.1672243475914
0.050520479679107666,0.0003433823585510254,0.2319422960281372,0.1967354714870453,0.024648964405059814,6.0665735602378845
0.04883241653442383,0.00025838613510131836,0.2383413314819336,0.19440987706184387,0.025089383125305176,6.07397186756134
0.05017352104187012,0.00010639429092407227,0.23367613554000854,0.1926671266555786,0.02401822805404663,6.014425814151764
0.049811363220214844,0.00045311450958251953,0.23049557209014893,0.18815413117408752,0.023156940937042236,5.914542734622955
0.048818230628967285,0.00040221214294433594,0.22578656673431396,0.18387135863304138,0.02340465784072876,5.798996269702911
0.04828518629074097,0.0003402829170227051,0.2208293080329895,0.18211063742637634,0.023299753665924072,5.7149458527565
0.04779785871505737,8.875131607055664e-05,0.21696364879608154,0.17822390794754028,0.02287226915359497,5.608962118625641
0.04644322395324707,0.00017327070236206055,0.2115018367767334,0.17542192339897156,0.023216962814331055,5.500319242477417
0.044270098209381104,0.0004202723503112793,0.2066798210144043,0.17081591486930847,0.02441990375518799,5.3758546113967896
0.04386186599731445,3.337860107421875e-06,0.2019808292388916,0.1677207350730896,0.022888541221618652,5.253082633018494
0.04229336977005005,1.7881393432617188e-07,0.196336567401886,0.16450542211532593,0.023357629776000977,5.1336658000946045
0.042136311531066895,0.00011897087097167969,0.19436544179916382,0.16216206550598145,0.022252321243286133,5.068251729011536
0.03939986228942871,0.00010007619857788086,0.1883608102798462,0.15874633193016052,0.02222573757171631,4.911748766899109
0.03764110803604126,0.0001004934310913086,0.1820642352104187,0.1564674973487854,0.022819817066192627,4.79518061876297
0.03585660457611084,0.00010752677917480469,0.17736083269119263,0.15442931652069092,0.022136986255645752,4.677882492542267
0.03478527069091797,0.00017249584197998047,0.1739073395729065,0.1525467038154602,0.02182990312576294,4.5958927273750305
0.03599268198013306,5.924701690673828e-05,0.16989952325820923,0.15104526281356812,0.01977229118347168,4.529042840003967
0.03519648313522339,1.5616416931152344e-05,0.16953963041305542,0.14911633729934692,0.01946157217025757,4.480926692485809
0.03511613607406616,0.00017720460891723633,0.17156857252120972,0.1462315320968628,0.01943957805633545,4.467570185661316
0.03532755374908447,4.7147274017333984e-05,0.17120110988616943,0.143349289894104,0.01929914951324463,4.429089546203613
0.03467273712158203,7.432699203491211e-05,0.16994744539260864,0.14088237285614014,0.018348634243011475,4.360085070133209
0.03344249725341797,0.00013709068298339844,0.17136168479919434,0.1379522681236267,0.017333388328552246,4.300362467765808
0.031555116176605225,5.2869319915771484e-05,0.17095530033111572,0.13740402460098267,0.018460631370544434,4.267364740371704
0.032318294048309326,0.00028330087661743164,0.17125707864761353,0.1367679238319397,0.01818227767944336,4.277985334396362
0.03277111053466797,5.0067901611328125e-05,0.170285165309906,0.1352982521057129,0.017004847526550293,4.237826824188232
0.03292649984359741,8.726119995117188e-05,0.16850799322128296,0.13504326343536377,0.01734602451324463,4.225890159606934
0.03257697820663452,0.00017017126083374023,0.16788357496261597,0.13520097732543945,0.017288625240325928,4.21517950296402
0.040019333362579346,0.00010967254638671875,0.16805940866470337,0.13224714994430542,0.011284470558166504,4.239187717437744
0.042356908321380615,2.7060508728027344e-05,0.16294825077056885,0.1321876049041748,0.007878780364990234,4.1815407276153564
0.04280024766921997,0.00012832880020141602,0.16385596990585327,0.13488924503326416,0.00638890266418457,4.211379051208496
0.041933298110961914,0.00012475252151489258,0.16059982776641846,0.13390511274337769,0.006810545921325684,4.155929327011108
0.03879904747009277,2.5451183319091797e-05,0.15882879495620728,0.13041675090789795,0.012574374675750732,4.118343651294708
0.037117719650268555,0.00012218952178955078,0.1572243571281433,0.12995296716690063,0.012195706367492676,4.059168577194214
0.03610938787460327,0.00012749433517456055,0.15466445684432983,0.13024145364761353,0.012568354606628418,4.022549986839294
0.033012568950653076,6.300210952758789e-05,0.15714430809020996,0.1311895251274109,0.012849509716033936,3.9998454451560974
0.032721102237701416,6.383657455444336e-05,0.15481239557266235,0.1332675814628601,0.013637363910675049,4.007466495037079
0.03219252824783325,3.814697265625e-06,0.15451282262802124,0.13294118642807007,0.01344609260559082,3.986033082008362
0.03266674280166626,3.814697265625e-06,0.15577274560928345,0.1341955065727234,0.012488782405853271,4.008808791637421
0.03298717737197876,3.898143768310547e-05,0.15416979789733887,0.13286834955215454,0.011254072189331055,3.96537446975708
0.032050907611846924,5.811452865600586e-05,0.154316246509552,0.13392090797424316,0.012564659118652344,3.9807474613189697
0.031786322593688965,5.143880844116211e-05,0.15255266427993774,0.13616228103637695,0.012454450130462646,3.982943117618561
0.03155326843261719,9.357929229736328e-05,0.15309548377990723,0.1353837251663208,0.012704014778137207,3.9788695573806763
0.03065943717956543,0.00010538101196289062,0.1538158655166626,0.13604336977005005,0.012800991535186768,3.9777795672416687
0.029292821884155273,2.3424625396728516e-05,0.15169179439544678,0.13309258222579956,0.013069391250610352,3.8963478803634644
0.03013920783996582,6.681680679321289e-05,0.15493345260620117,0.13349497318267822,0.012668490409851074,3.9452884197235107
0.028525829315185547,8.660554885864258e-05,0.15294593572616577,0.13522911071777344,0.013416588306427002,3.9255329966545105
0.028554201126098633,0.00015431642532348633,0.15220069885253906,0.13524168729782104,0.01399165391921997,3.928643763065338
0.0283241868019104,0.00013875961303710938,0.1532086730003357,0.1337946057319641,0.012926161289215088,3.9004958271980286
0.02819514274597168,3.069639205932617e-05,0.15124839544296265,0.13410276174545288,0.012828588485717773,3.878601312637329
0.02742248773574829,8.33272933959961e-05,0.15313786268234253,0.13239973783493042,0.012451648712158203,3.856899857521057
0.027767181396484375,1.4781951904296875e-05,0.15453767776489258,0.1321796178817749,0.01179569959640503,3.864077389240265
0.02810603380203247,7.665157318115234e-05,0.15363818407058716,0.13161730766296387,0.011851668357849121,3.857064962387085
0.028056681156158447,0.00010091066360473633,0.15377187728881836,0.1314830780029297,0.011549234390258789,3.851704239845276
0.029383420944213867,1.6927719116210938e-05,0.1534157395362854,0.1323155164718628,0.011590182781219482,3.883769452571869
0.02802443504333496,2.205371856689453e-06,0.1535535454750061,0.12877613306045532,0.012164533138275146,3.8238454461097717
0.02910792827606201,1.3470649719238281e-05,0.15333300828933716,0.13032597303390503,0.013002932071685791,3.8746867775917053
0.027174174785614014,5.9604644775390625e-06,0.1525065302848816,0.1295541524887085,0.014164507389068604,3.835773527622223
0.0282132625579834,1.895427703857422e-05,0.15505766868591309,0.12919658422470093,0.01517874002456665,3.893223226070404
0.028062939643859863,0.00018095970153808594,0.1518496870994568,0.1278342604637146,0.015386104583740234,3.8478156328201294
0.028655052185058594,0.00010907649993896484,0.1536678671836853,0.12656903266906738,0.015520989894866943,3.863386332988739
0.02659320831298828,0.00018405914306640625,0.1516541838645935,0.12548822164535522,0.01667851209640503,3.807755410671234
0.027162492275238037,0.00010132789611816406,0.1521807312965393,0.12388807535171509,0.01467043161392212,3.7735944390296936
0.028458714485168457,0.00017577409744262695,0.15119045972824097,0.12368077039718628,0.015058636665344238,3.794291615486145
0.026104331016540527,8.046627044677734e-05,0.15194052457809448,0.12439608573913574,0.015166223049163818,3.7631866335868835
0.028543472290039062,0.00014734268188476562,0.15156900882720947,0.12523037195205688,0.015055358409881592,3.8178065419197083
0.026699185371398926,0.00014650821685791016,0.14770913124084473,0.12553387880325317,0.015023589134216309,3.745472550392151
0.02648848295211792,0.00019401311874389648,0.14926964044570923,0.12068498134613037,0.015016674995422363,3.6994282007217407
0.02674400806427002,0.0001354813575744629,0.14292919635772705,0.12436336278915405,0.012801527976989746,3.650994062423706
0.027364253997802734,0.0001881718635559082,0.1475772261619568,0.1232563853263855,0.0138702392578125,3.7135746479034424
0.02509760856628418,0.0002995133399963379,0.14694511890411377,0.12196958065032959,0.013583779335021973,3.64418625831604
0.024433255195617676,0.00012677907943725586,0.1482831835746765,0.12248295545578003,0.016171574592590332,3.6861480474472046
0.025737285614013672,0.00019729137420654297,0.1448584794998169,0.12097311019897461,0.015472948551177979,3.650653302669525
0.024846434593200684,0.00032979249954223633,0.15122389793395996,0.11657649278640747,0.01545095443725586,3.645786166191101
0.025485575199127197,2.5987625122070312e-05,0.14748156070709229,0.12164992094039917,0.013681113719940186,3.650010645389557
0.02611011266708374,5.957484245300293e-05,0.14809316396713257,0.12392497062683105,0.013168275356292725,3.688830018043518
0.026482701301574707,0.0002200007438659668,0.14899998903274536,0.12373095750808716,0.01519697904586792,3.7363401055336
0.02790731191635132,0.00017017126083374023,0.15047961473464966,0.12305885553359985,0.012653112411499023,3.732508420944214
0.027845442295074463,2.205371856689453e-06,0.15126842260360718,0.12425628304481506,0.013879179954528809,3.7688958644866943
0.02709829807281494,3.841519355773926e-05,0.15116941928863525,0.1246262788772583,0.01503133773803711,3.775337040424347
0.02814394235610962,8.96751880645752e-05,0.15119808912277222,0.12433141469955444,0.01369088888168335,3.7738142013549805
0.026729047298431396,0.00017729401588439941,0.14968913793563843,0.12496745586395264,0.014953315258026123,3.758572816848755
0.0271185040473938,0.00011688470840454102,0.1516050100326538,0.12545937299728394,0.014183402061462402,3.778787612915039
0.028143465518951416,0.00023692846298217773,0.15007907152175903,0.12509536743164062,0.014056622982025146,3.7799184918403625
0.0271303653717041,3.287196159362793e-05,0.15565520524978638,0.12602335214614868,0.01542365550994873,3.8433861136436462
0.02750396728515625,4.297494888305664e-05,0.15465056896209717,0.12869682908058167,0.016327977180480957,3.886640191078186
0.02863866090774536,3.674626350402832e-05,0.15674060583114624,0.12973153591156006,0.01586681604385376,3.9356213808059692
0.029315412044525146,0.00017523765563964844,0.1549776792526245,0.1304340958595276,0.015359461307525635,3.9348403811454773
0.029387176036834717,0.00025460124015808105,0.15444141626358032,0.12994858622550964,0.01619875431060791,3.9391048550605774
0.02973264455795288,5.081295967102051e-05,0.15553754568099976,0.1312384009361267,0.01616579294204712,3.968290686607361
0.029889225959777832,0.00010994076728820801,0.15923631191253662,0.13169234991073608,0.015833914279937744,4.00994348526001
0.031253159046173096,1.4334917068481445e-05,0.16097170114517212,0.13084977865219116,0.016490519046783447,4.052593350410461
0.03083980083465576,0.00010079145431518555,0.167310893535614,0.1316218078136444,0.01645505428314209,4.118006706237793
0.031493544578552246,4.9054622650146484e-05,0.1748865842819214,0.13099387288093567,0.01585334539413452,4.189346373081207
0.030985593795776367,0.00037384033203125,0.1737176775932312,0.12994107604026794,0.016589462757110596,4.171752631664276
0.030534863471984863,0.0005036592483520508,0.18198460340499878,0.13164576888084412,0.01494908332824707,4.243594646453857
0.030962884426116943,0.0007421374320983887,0.18493974208831787,0.13289311528205872,0.015547573566436768,4.309944570064545
0.03186160326004028,0.0008841454982757568,0.18475496768951416,0.13444161415100098,0.015310168266296387,4.343648254871368
0.03254741430282593,0.0010687708854675293,0.1862531304359436,0.13202336430549622,0.015002548694610596,4.342036068439484
0.03029567003250122,0.0011330246925354004,0.1813666820526123,0.13172543048858643,0.015064895153045654,4.246653258800507
0.03259366750717163,2.4646520614624023e-05,0.1732417345046997,0.130967378616333,0.013932406902313232,4.1653289794921875
0.03244262933731079,0.00017443299293518066,0.16067445278167725,0.13124969601631165,0.015218138694763184,4.062005341053009
0.030753374099731445,0.00013494491577148438,0.1587182879447937,0.1330755352973938,0.015532732009887695,4.034576773643494
0.030249595642089844,7.712841033935547e-05,0.15829092264175415,0.13155749440193176,0.01572340726852417,4.0038304924964905
0.03094959259033203,2.8014183044433594e-06,0.1563645601272583,0.13129767775535583,0.015207290649414062,3.9863693714141846
0.031489789485931396,0.00012069940567016602,0.15857821702957153,0.13075464963912964,0.015163838863372803,4.014263927936554
0.02989017963409424,9.28044319152832e-05,0.15460604429244995,0.1301097869873047,0.016067147254943848,3.9478591680526733
0.0305483341217041,0.0002022385597229004,0.15126389265060425,0.13134557008743286,0.0142287015914917,3.9168232679367065
0.029844224452972412,0.0003400444984436035,0.15045171976089478,0.1302160918712616,0.014630556106567383,3.8895739316940308
0.030259788036346436,0.00020462274551391602,0.1488867998123169,0.13065865635871887,0.014652788639068604,3.8854426741600037
0.03038966655731201,0.0002332925796508789,0.15418612957000732,0.13110321760177612,0.0154036283493042,3.9581469297409058
0.030125677585601807,0.00024312734603881836,0.15894007682800293,0.12914547324180603,0.015368998050689697,3.976571261882782
0.030432283878326416,0.00014197826385498047,0.1609717607498169,0.13068091869354248,0.015549123287200928,4.022326767444611
0.030485212802886963,0.00019150972366333008,0.16404616832733154,0.1315704882144928,0.01600712537765503,4.072565853595734
0.03017514944076538,0.00041222572326660156,0.16542375087738037,0.13117468357086182,0.016584038734436035,4.0880173444747925
0.030585110187530518,0.00036662817001342773,0.16909080743789673,0.1312040090560913,0.016749262809753418,4.134896636009216
0.03091520071029663,0.0002467632293701172,0.17162340879440308,0.13056495785713196,0.01727116107940674,4.16482675075531
0.030881047248840332,0.00024318695068359375,0.17207330465316772,0.13070619106292725,0.016633272171020508,4.160704731941223
0.03130173683166504,0.0002614259719848633,0.17458361387252808,0.13005733489990234,0.016765356063842773,4.188744902610779
0.030873358249664307,0.0004969239234924316,0.17775344848632812,0.13032451272010803,0.016601979732513428,4.216870129108429
0.030116796493530273,0.001350700855255127,0.18029797077178955,0.13061755895614624,0.01641988754272461,4.243337273597717
0.03148013353347778,0.00046700239181518555,0.18485569953918457,0.13099586963653564,0.0163729190826416,4.3041099309921265
0.03026890754699707,0.0011005997657775879,0.1885986328125,0.13195383548736572,0.017926335334777832,4.363516330718994
0.03185063600540161,0.004835605621337891,0.18972986936569214,0.13240936398506165,0.016864538192749023,4.463232755661011
0.031626880168914795,0.004247128963470459,0.19108682870864868,0.13257262110710144,0.017928361892700195,4.479651093482971
0.031034231185913086,0.005766391754150391,0.19279789924621582,0.13091880083084106,0.017904043197631836,4.492044925689697
0.032414913177490234,0.0047602057456970215,0.1954600214958191,0.13072380423545837,0.017519831657409668,4.5200653076171875
0.032221853733062744,0.00486302375793457,0.19587504863739014,0.13166362047195435,0.017674744129180908,4.535806596279144
0.032113343477249146,0.005326211452484131,0.19656425714492798,0.1319974958896637,0.018390119075775146,4.563602983951569
0.03204786777496338,0.005618393421173096,0.19605737924575806,0.13087347149848938,0.016811251640319824,4.525312662124634
0.03169649839401245,0.006099045276641846,0.1982519030570984,0.13082820177078247,0.017649292945861816,4.560909628868103
0.03165370225906372,0.005985856056213379,0.19710302352905273,0.12999564409255981,0.017655670642852783,4.536632478237152
0.03186798095703125,0.006468355655670166,0.19513940811157227,0.1296449899673462,0.017936229705810547,4.529967427253723
0.03175467252731323,0.005666792392730713,0.19335633516311646,0.12988132238388062,0.017391443252563477,4.490106582641602
0.031210780143737793,0.005517721176147461,0.19236832857131958,0.12933018803596497,0.01715552806854248,4.456513047218323
0.03088778257369995,0.004161834716796875,0.1923847794532776,0.1286534070968628,0.01650768518447876,4.407972633838654
0.031357526779174805,0.004267096519470215,0.19242143630981445,0.12885242700576782,0.016590774059295654,4.423263370990753
0.03127807378768921,0.004720449447631836,0.19260454177856445,0.1284029483795166,0.0169222354888916,4.431243896484375
0.03162086009979248,0.004324197769165039,0.1924375295639038,0.12806493043899536,0.01691126823425293,4.425076246261597
0.03135216236114502,0.005263149738311768,0.19262295961380005,0.1287824511528015,0.01732271909713745,4.453239738941193
0.030859321355819702,0.0040552616119384766,0.19478732347488403,0.12811630964279175,0.017349958419799805,4.435699462890625
0.0310153067111969,0.00490117073059082,0.1962084174156189,0.12802371382713318,0.01694852113723755,4.461123764514923
0.030781060457229614,0.004732251167297363,0.19319850206375122,0.12810885906219482,0.017453312873840332,4.4318927526474
0.03122788667678833,0.005627095699310303,0.19412118196487427,0.12856638431549072,0.0168154239654541,4.462085247039795
0.03157487511634827,0.004287838935852051,0.19446778297424316,0.12781745195388794,0.01660168170928955,4.436191082000732
0.0311240553855896,0.0037382841110229492,0.19531536102294922,0.12765389680862427,0.01667022705078125,4.424823999404907
0.03183746337890625,0.0046880245208740234,0.19612199068069458,0.1292240023612976,0.016915440559387207,4.486773252487183
0.031933337450027466,0.004526257514953613,0.1963755488395691,0.12920555472373962,0.016933143138885498,4.488358676433563
0.03194049000740051,0.004900753498077393,0.19581830501556396,0.12822705507278442,0.016946852207183838,4.478133857250214
0.032466351985931396,0.004774928092956543,0.19612973928451538,0.12868213653564453,0.016521871089935303,4.488586843013763
0.0325736403465271,0.0046506524085998535,0.19602060317993164,0.12893304228782654,0.0166318416595459,4.492064714431763
0.03241872787475586,0.004679620265960693,0.19533324241638184,0.1287636160850525,0.016841888427734375,4.4837318658828735
0.03241133689880371,0.0052918195724487305,0.19324404001235962,0.1285543441772461,0.016936779022216797,4.472623705863953
0.03200697898864746,0.004448533058166504,0.19288474321365356,0.12878680229187012,0.01705116033554077,4.450269639492035
0.03198155760765076,0.0044844746589660645,0.1921539306640625,0.12848278880119324,0.01695340871810913,4.437985599040985
0.03149670362472534,0.004914820194244385,0.19125020503997803,0.12832307815551758,0.017216920852661133,4.429033637046814
0.03188854455947876,0.004981338977813721,0.19115287065505981,0.12835705280303955,0.017269015312194824,4.438283562660217
0.03186318278312683,0.004673957824707031,0.1909804344177246,0.12717893719673157,0.016912877559661865,4.411039650440216
0.0319904088973999,0.004049956798553467,0.19271749258041382,0.12676537036895752,0.016874611377716064,4.41418594121933
0.03213569521903992,0.003031492233276367,0.19084817171096802,0.12562692165374756,0.01734095811843872,4.373399913311005
0.03279381990432739,0.0039035677909851074,0.18936467170715332,0.12431657314300537,0.01700955629348755,4.366729557514191
0.032482415437698364,0.0035370588302612305,0.1851707100868225,0.12352782487869263,0.016931891441345215,4.301334738731384
0.03233903646469116,0.003305494785308838,0.18445104360580444,0.1228506863117218,0.016807973384857178,4.277117908000946
0.03140300512313843,0.005599081516265869,0.18228459358215332,0.12191316485404968,0.016677916049957275,4.264816224575043
0.031704068183898926,0.0038127899169921875,0.1838037371635437,0.12179279327392578,0.017518281936645508,4.265036702156067
0.03204768896102905,0.004514455795288086,0.18156737089157104,0.12074974179267883,0.016673505306243896,4.2369871735572815
0.03113386034965515,0.005067586898803711,0.18252933025360107,0.12011820077896118,0.0169985294342041,4.235583424568176
0.030576109886169434,0.0037723779678344727,0.18118369579315186,0.11965247988700867,0.01635211706161499,4.172373473644257
0.030974358320236206,0.0041522979736328125,0.18021798133850098,0.11850148439407349,0.01620715856552124,4.161533534526825
0.030587822198867798,0.004867196083068848,0.17901688814163208,0.1162758469581604,0.016648948192596436,4.134579241275787
0.030218929052352905,0.005863547325134277,0.17742997407913208,0.11759576201438904,0.015667259693145752,4.130380213260651
0.03096061944961548,0.005630970001220703,0.17466002702713013,0.11505413055419922,0.01534181833267212,4.077946960926056
0.035013437271118164,0.0039539337158203125,0.17408204078674316,0.1167978048324585,0.012110769748687744,4.095495164394379
0.03503835201263428,0.004378616809844971,0.17620450258255005,0.11600202322006226,0.011585891246795654,4.107439815998077
0.03710475564002991,0.0032628774642944336,0.17359280586242676,0.11693423986434937,0.010071516036987305,4.0910385847091675
0.03712758421897888,0.003339409828186035,0.1729336380958557,0.11722886562347412,0.00954902172088623,4.081979155540466
0.033871203660964966,0.0038535594940185547,0.17507201433181763,0.11627113819122314,0.010586082935333252,4.051553189754486
0.0334906280040741,0.004035770893096924,0.17274755239486694,0.11390984058380127,0.01038825511932373,3.992673873901367
0.03271842002868652,0.0036041736602783203,0.17181432247161865,0.11316186189651489,0.010236382484436035,3.948874831199646
0.03208640217781067,0.003464341163635254,0.17216110229492188,0.11382758617401123,0.010481417179107666,3.9488494992256165
0.031214773654937744,0.0037729740142822266,0.17012161016464233,0.11057174205780029,0.011001646518707275,3.885310709476471
0.030820995569229126,0.004543185234069824,0.16776156425476074,0.10997152328491211,0.011342048645019531,3.865601897239685
0.02990320324897766,0.0037723183631896973,0.1661810278892517,0.1092025637626648,0.011161983013153076,3.8056365847587585
0.03067457675933838,0.00414884090423584,0.16515761613845825,0.10873734951019287,0.01130068302154541,3.814105272293091
0.030716001987457275,0.004143416881561279,0.16500413417816162,0.10898399353027344,0.010778307914733887,3.8084254264831543
0.030415207147598267,0.004057645797729492,0.1649923324584961,0.1100277304649353,0.011695623397827148,3.827032208442688
0.030672430992126465,0.004697203636169434,0.1619613766670227,0.10778599977493286,0.010727882385253906,3.771962285041809
0.03049817681312561,0.003988325595855713,0.16308319568634033,0.1075168251991272,0.010708212852478027,3.763410449028015
0.03020530939102173,0.004922926425933838,0.16321128606796265,0.10786938667297363,0.010951220989227295,3.783532679080963
0.02991849184036255,0.0047664642333984375,0.16054028272628784,0.10707950592041016,0.011258244514465332,3.743396759033203
0.030445873737335205,0.00473552942276001,0.160031259059906,0.10720539093017578,0.011325240135192871,3.7508128881454468
0.03030383586883545,0.004560649394989014,0.16186439990997314,0.10674053430557251,0.010301589965820312,3.7422226667404175
0.030199795961380005,0.004977583885192871,0.16053378582000732,0.10632961988449097,0.010884582996368408,3.7381544709205627
0.029620707035064697,0.005296170711517334,0.1598588228225708,0.10480910539627075,0.010956287384033203,3.708387017250061
0.03070974349975586,0.0046312808990478516,0.1585872769355774,0.10388195514678955,0.010243594646453857,3.683668076992035
0.030417144298553467,0.005257666110992432,0.15770471096038818,0.10349321365356445,0.010109901428222656,3.6735950708389282
0.02959117293357849,0.004634559154510498,0.15801119804382324,0.10350233316421509,0.01086491346359253,3.66035920381546
0.02912166714668274,0.003782212734222412,0.1575663685798645,0.10356158018112183,0.011019885540008545,3.6342141032218933
0.02791619300842285,0.0038776397705078125,0.15361326932907104,0.1034320592880249,0.01100844144821167,3.570565402507782
0.028182804584503174,0.0029961466789245605,0.15528470277786255,0.10217034816741943,0.010732293128967285,3.5574623346328735
0.02697703242301941,0.0033765435218811035,0.15373361110687256,0.10262531042098999,0.010472714900970459,3.5262489914894104
0.02799561619758606,0.00429534912109375,0.15178143978118896,0.10112500190734863,0.009617984294891357,3.5128127932548523
0.026973247528076172,0.0037465691566467285,0.14711254835128784,0.0986679196357727,0.009527981281280518,3.404963433742523
0.027692586183547974,0.0028725862503051758,0.14669489860534668,0.09894853830337524,0.007986664772033691,3.3796896934509277
0.02847188711166382,0.0033107399940490723,0.14599281549453735,0.09804105758666992,0.009591460227966309,3.409323811531067
0.02774059772491455,0.0020180940628051758,0.138594388961792,0.09915083646774292,0.01071310043334961,3.3275880813598633
0.02758854627609253,0.0006983280181884766,0.13768941164016724,0.09762489795684814,0.009116053581237793,3.24947452545166
0.02730506658554077,0.0008535981178283691,0.13669317960739136,0.09743958711624146,0.0091172456741333,3.2344316244125366
0.029115259647369385,0.0004279613494873047,0.13638436794281006,0.09554827213287354,0.00982677936553955,3.2478331327438354
0.028835058212280273,0.00042945146560668945,0.13373762369155884,0.09501749277114868,0.009298503398895264,3.2014949917793274
0.028131306171417236,0.00022047758102416992,0.13004463911056519,0.0948939323425293,0.009382665157318115,3.146508276462555
0.027536094188690186,0.00012218952178955078,0.12432825565338135,0.09506052732467651,0.008753478527069092,3.0682323575019836
0.027506589889526367,0.00013625621795654297,0.12326765060424805,0.09348982572555542,0.008938431739807129,3.0412153005599976
0.026749730110168457,0.0002213120460510254,0.12094879150390625,0.09320443868637085,0.009130418300628662,3.0038756728172302
0.02653294801712036,0.00034421682357788086,0.11955422163009644,0.09217679500579834,0.009206056594848633,2.976609468460083
0.02619725465774536,0.00024366378784179688,0.11871790885925293,0.09194415807723999,0.009189128875732422,2.956676959991455
0.026915252208709717,0.00023627281188964844,0.11932915449142456,0.09227210283279419,0.009431958198547363,2.9845941066741943
0.02697545289993286,0.0003822445869445801,0.1284000277519226,0.09181112051010132,0.008892595767974854,3.0655121207237244
0.02738124132156372,0.00017815828323364258,0.1269565224647522,0.09255069494247437,0.0078277587890625,3.048421621322632
0.026298105716705322,0.0020473599433898926,0.13001775741577148,0.09130889177322388,0.00898277759552002,3.093440532684326
0.02595919370651245,0.001440882682800293,0.13224303722381592,0.09102928638458252,0.009554803371429443,3.1032236218452454
0.02599167823791504,0.001114487648010254,0.13090378046035767,0.09202027320861816,0.009833872318267822,3.1006835103034973
0.02625095844268799,0.0020798444747924805,0.13264793157577515,0.09048581123352051,0.008594036102294922,3.103675961494446
0.025668978691101074,0.0023813843727111816,0.13275617361068726,0.09021961688995361,0.00861668586730957,3.0956919193267822
0.025934219360351562,0.001912236213684082,0.13327014446258545,0.09095346927642822,0.008734524250030518,3.1082655787467957
0.02609384059906006,0.00220412015914917,0.13132023811340332,0.09005796909332275,0.00893479585647583,3.08947092294693
0.025763392448425293,0.0016965270042419434,0.13099044561386108,0.08984947204589844,0.008983194828033447,3.0686513781547546
0.026697397232055664,0.0024241209030151367,0.12977653741836548,0.08905702829360962,0.008337259292602539,3.069090723991394
0.02603203058242798,0.0026430487632751465,0.12918835878372192,0.09002816677093506,0.00938349962234497,3.0811895728111267
0.02552807331085205,0.0018126964569091797,0.12842661142349243,0.08899545669555664,0.00907963514328003,3.0315961241722107
0.025834858417510986,0.0026046037673950195,0.1275208592414856,0.09000861644744873,0.008906841278076172,3.0524946451187134
0.02561807632446289,0.002562284469604492,0.12791311740875244,0.08891153335571289,0.008946061134338379,3.0387431383132935
0.02560979127883911,0.00199282169342041,0.12887120246887207,0.0886792540550232,0.008667051792144775,3.0309354662895203
0.026542186737060547,0.002066373825073242,0.12952351570129395,0.08935713768005371,0.008364439010620117,3.061025857925415
0.02677386999130249,0.0021788477897644043,0.1291513442993164,0.09034830331802368,0.008622825145721436,3.079732120037079
0.0262526273727417,0.0021012425422668457,0.12924933433532715,0.08958578109741211,0.008561849594116211,3.058825373649597
0.02652871608734131,0.002154529094696045,0.1299338936805725,0.09135788679122925,0.009218037128448486,3.1032599806785583
0.02651888132095337,0.0018281936645507812,0.12932437658309937,0.09350347518920898,0.009334146976470947,3.118582785129547
0.02769780158996582,0.002287447452545166,0.13161391019821167,0.09420269727706909,0.009152531623840332,3.17898952960968
0.028316736221313477,0.003172934055328369,0.1340043544769287,0.09532010555267334,0.009221196174621582,3.245650291442871
0.028805911540985107,0.0019838809967041016,0.13434243202209473,0.09515094757080078,0.009869217872619629,3.245102047920227
0.028464019298553467,0.0018690824508666992,0.13447540998458862,0.09599870443344116,0.010247111320495605,3.253369092941284
0.029290318489074707,0.0016582608222961426,0.135095477104187,0.09584277868270874,0.009868979454040527,3.2647578716278076
0.027898669242858887,0.0028806328773498535,0.13625013828277588,0.09571462869644165,0.01016169786453247,3.2733271718025208
0.02860724925994873,0.002160787582397461,0.13749617338180542,0.09637141227722168,0.009476959705352783,3.284612238407135
0.029296576976776123,0.0016252398490905762,0.1399167776107788,0.09836739301681519,0.009835898876190186,3.342300832271576
0.029081404209136963,0.002568483352661133,0.14255237579345703,0.09866201877593994,0.009909093379974365,3.3859651684761047
0.02909296751022339,0.0021404027938842773,0.1439889669418335,0.09929525852203369,0.01068580150604248,3.4121063947677612
0.02950429916381836,0.0011151432991027832,0.1444578766822815,0.10016524791717529,0.011062324047088623,3.422655165195465
0.030084669589996338,0.0014474987983703613,0.14413124322891235,0.10134786367416382,0.010877430438995361,3.448396623134613
0.029873371124267578,0.0018126368522644043,0.14829552173614502,0.10205727815628052,0.010503113269805908,3.495284140110016
0.02939051389694214,0.0010512471199035645,0.14781594276428223,0.10212063789367676,0.010585665702819824,3.4691247940063477
0.029407024383544922,0.0011983513832092285,0.151053786277771,0.10155326128005981,0.009895384311676025,3.4873185753822327
0.029428422451019287,0.0012224316596984863,0.1504567265510559,0.1033133864402771,0.010695874691009521,3.5153382420539856
0.03063783049583435,0.001252889633178711,0.15213769674301147,0.10205566883087158,0.009395897388458252,3.5222920775413513
0.02989518642425537,0.0010695457458496094,0.1523163914680481,0.10268974304199219,0.010026335716247559,3.522991418838501
0.02938985824584961,0.0020137429237365723,0.15196657180786133,0.10163599252700806,0.010219931602478027,3.516641139984131
0.02942866086959839,0.0011447668075561523,0.15038448572158813,0.10194164514541626,0.010027945041656494,3.4867427945137024
0.028925597667694092,0.002147376537322998,0.1513708233833313,0.10196316242218018,0.011199235916137695,3.5224194526672363
0.029886990785598755,0.0013666152954101562,0.14785951375961304,0.10186409950256348,0.010869979858398438,3.4863529205322266
0.02833402156829834,0.0010228753089904785,0.14804214239120483,0.10105550289154053,0.010722160339355469,3.439012050628662
0.028382956981658936,0.0015112757682800293,0.14755499362945557,0.09942424297332764,0.010315358638763428,3.418233335018158
0.027171611785888672,0.0011053681373596191,0.14423328638076782,0.09895837306976318,0.011360108852386475,3.36356383562088
0.028146326541900635,0.0007606148719787598,0.14244168996810913,0.09775340557098389,0.009646415710449219,3.3187716007232666
0.027415871620178223,0.001156628131866455,0.13985395431518555,0.09628421068191528,0.009768784046173096,3.269618570804596
0.027005493640899658,0.0008453130722045898,0.1372796893119812,0.09577924013137817,0.009850382804870605,3.225229024887085
0.026575446128845215,0.0006527304649353027,0.13329118490219116,0.09444469213485718,0.008995890617370605,3.1444445848464966
0.025885820388793945,0.0006615519523620605,0.1333494782447815,0.09259217977523804,0.01014798879623413,3.1264451146125793
0.025981366634368896,0.0016120672225952148,0.13309335708618164,0.09065580368041992,0.00862884521484375,3.0968804359436035
0.024792969226837158,0.0005208849906921387,0.12744450569152832,0.09061866998672485,0.009151577949523926,3.004378080368042
0.024286091327667236,9.518861770629883e-05,0.12613075971603394,0.09141921997070312,0.00921720266342163,2.9840314984321594
0.025356411933898926,0.0004661083221435547,0.12853515148162842,0.08965551853179932,0.008498191833496094,3.00420880317688
0.02436763048171997,0.0009579658508300781,0.12644058465957642,0.08876246213912964,0.008298277854919434,2.958625555038452
0.024318397045135498,0.0009289979934692383,0.1247515082359314,0.08921670913696289,0.009895801544189453,2.9696425199508667
0.02418076992034912,0.0007776618003845215,0.12429040670394897,0.0887872576713562,0.009390771389007568,2.9468260407447815
0.02421051263809204,7.539987564086914e-05,0.124789297580719,0.08865046501159668,0.009738743305206299,2.943347156047821
0.024669408798217773,0.0011921525001525879,0.12478572130203247,0.0887938141822815,0.009118616580963135,2.9650091528892517
0.02482384443283081,0.0013277530670166016,0.12285923957824707,0.08840131759643555,0.008776068687438965,2.9414256811141968
0.02490687370300293,0.0006306171417236328,0.12170952558517456,0.08873182535171509,0.009430110454559326,2.9328173995018005
0.02590996026992798,0.0003408193588256836,0.12187641859054565,0.08863651752471924,0.009901642799377441,2.955260992050171
0.024937093257904053,0.0004890561103820801,0.12221556901931763,0.08734458684921265,0.009042203426361084,2.913468658924103
0.024880945682525635,0.0003522634506225586,0.1231147050857544,0.0867500901222229,0.008720099925994873,2.9069092869758606
0.02584153413772583,0.0004088282585144043,0.12171727418899536,0.0865744948387146,0.008486330509185791,2.9075512290000916
0.025058388710021973,0.0013124942779541016,0.12163013219833374,0.08769834041595459,0.00923997163772583,2.932073652744293
0.025632083415985107,0.00012534856796264648,0.12072694301605225,0.08656585216522217,0.008609950542449951,2.8901068568229675
0.02560257911682129,0.0009704232215881348,0.12106466293334961,0.08764845132827759,0.00936061143875122,2.9323564171791077
0.02499544620513916,6.663799285888672e-05,0.12005752325057983,0.08732450008392334,0.00925135612487793,2.8883479833602905
0.024993836879730225,0.00021755695343017578,0.1215355396270752,0.08638560771942139,0.009748697280883789,2.902005910873413
0.02385765314102173,4.172325134277344e-07,0.12153905630111694,0.08633464574813843,0.009421765804290771,2.8698933720588684
0.024574220180511475,0.00023663043975830078,0.12049931287765503,0.08731776475906372,0.009691715240478516,2.8939257860183716
0.024593472480773926,0.0001392364501953125,0.12297099828720093,0.08784103393554688,0.009734511375427246,2.9241957664489746
0.024661779403686523,0.0004445314407348633,0.12383919954299927,0.0895233154296875,0.010184228420257568,2.966672360897064
0.025674283504486084,0.0007470846176147461,0.12462836503982544,0.08925843238830566,0.010103404521942139,2.9958691000938416
0.025505244731903076,0.00034439563751220703,0.12495672702789307,0.0891408920288086,0.009510397911071777,2.9782179594039917
0.026316463947296143,9.72747802734375e-05,0.12612181901931763,0.08967113494873047,0.010071814060211182,3.0164292454719543
0.02590179443359375,0.0010793209075927734,0.1276070475578308,0.09050685167312622,0.009371280670166016,3.040185570716858
0.025555074214935303,0.00021082162857055664,0.126090407371521,0.0898776650428772,0.008650362491607666,2.9840877652168274
0.02604353427886963,0.0006290674209594727,0.1264709234237671,0.09256821870803833,0.00930476188659668,3.047293186187744
0.026029527187347412,0.00022798776626586914,0.12645423412322998,0.09245467185974121,0.010508477687835693,3.0563198924064636
0.02701747417449951,0.00025081634521484375,0.1272794008255005,0.09430420398712158,0.010422170162200928,3.105641186237335
0.027400732040405273,0.0005137920379638672,0.13167184591293335,0.09682607650756836,0.009826302528381348,3.183288812637329
0.0276830792427063,0.0002713799476623535,0.13568878173828125,0.09771239757537842,0.010993480682373047,3.2528852224349976
0.0278170108795166,0.0027141571044921875,0.1417330503463745,0.1009337306022644,0.010612905025482178,3.392923891544342
0.02822023630142212,0.0036674141883850098,0.14903610944747925,0.10407465696334839,0.011050283908843994,3.5354294180870056
0.029734790325164795,0.002091646194458008,0.15331876277923584,0.10821717977523804,0.011509537696838379,3.6367822885513306
0.03015846014022827,0.0036846399307250977,0.16012734174728394,0.11157482862472534,0.011620521545410156,3.783971905708313
0.029145359992980957,0.0013909339904785156,0.16195863485336304,0.11280161142349243,0.01269441843032837,3.7715659737586975
0.02981191873550415,0.002798020839691162,0.16688835620880127,0.11682364344596863,0.012446045875549316,3.9040607213974
0.030849218368530273,0.0016019344329833984,0.16949576139450073,0.11894458532333374,0.013040661811828613,3.963721752166748
0.03271228075027466,0.003110647201538086,0.1727595329284668,0.12071442604064941,0.013117551803588867,4.083168983459473
0.032580435276031494,0.0027156472206115723,0.17766427993774414,0.12397143244743347,0.014577925205230713,4.183459222316742
0.03338128328323364,0.0013581514358520508,0.1775444746017456,0.12668007612228394,0.014397025108337402,4.203633427619934
0.03143554925918579,0.0019156336784362793,0.1861291527748108,0.1302199363708496,0.014546811580657959,4.3053253293037415
0.03549361228942871,0.00325775146484375,0.19031256437301636,0.1361687183380127,0.015550613403320312,4.538921236991882
0.035575926303863525,0.002801954746246338,0.19573140144348145,0.14167195558547974,0.016136467456817627,4.66137820482254
0.03673815727233887,0.0017223954200744629,0.20101487636566162,0.14619049429893494,0.01649034023284912,4.77755606174469
0.036699533462524414,0.0039727091789245605,0.19813811779022217,0.14852255582809448,0.01806771755218506,4.840167045593262
0.03719204664230347,0.0012596845626831055,0.2113928198814392,0.15281575918197632,0.017718791961669922,4.980014443397522
0.036641061305999756,0.0013006329536437988,0.21525752544403076,0.15868473052978516,0.020478785037994385,5.120206415653229
0.03850197792053223,0.0018423795700073242,0.22159701585769653,0.16271060705184937,0.02083897590637207,5.284284472465515
0.03875607252120972,2.6345252990722656e-05,0.2245093584060669,0.16608229279518127,0.02038675546646118,5.319478094577789
0.04148679971694946,0.0013172626495361328,0.23286497592926025,0.17114019393920898,0.021065950393676758,5.551768064498901
0.040102601051330566,0.0015001296997070312,0.23314827680587769,0.1739388108253479,0.0242081880569458,5.610925674438477
0.04012942314147949,0.0008816123008728027,0.23526644706726074,0.17688250541687012,0.023240387439727783,5.642317831516266
0.042977094650268555,0.0011639595031738281,0.22462701797485352,0.1774713397026062,0.02276611328125,5.59791111946106
0.04244428873062134,0.0024646520614624023,0.22459959983825684,0.1806020438671112,0.0221518874168396,5.638748347759247
0.04225587844848633,0.0010679364204406738,0.22756367921829224,0.1847912073135376,0.024715721607208252,5.728207528591156
0.04211151599884033,0.0023530125617980957,0.23078274726867676,0.1881256103515625,0.024825096130371094,5.822295784950256
0.04220116138458252,0.002939462661743164,0.23080778121948242,0.1908525824546814,0.02509748935699463,5.871704697608948
0.042989492416381836,0.003668665885925293,0.22558468580245972,0.19461840391159058,0.026927590370178223,5.921007394790649
0.04332315921783447,0.0038250088691711426,0.2210773229598999,0.19487786293029785,0.026440739631652832,5.881232023239136
0.04354453086853027,0.004241764545440674,0.2279222011566162,0.19895190000534058,0.027028799057006836,6.019319176673889
0.043762266635894775,0.0029431581497192383,0.2282872200012207,0.20123222470283508,0.028267204761505127,6.049889147281647
0.045705437660217285,0.0035736560821533203,0.2282482385635376,0.20220956206321716,0.027583420276641846,6.101182997226715
0.04532343149185181,0.0037786364555358887,0.2290920615196228,0.20259568095207214,0.027149081230163574,6.1037890911102295
0.04781174659729004,0.003126978874206543,0.23063474893569946,0.2040204405784607,0.026880621910095215,6.17032265663147
0.04669451713562012,0.002952098846435547,0.22850674390792847,0.20751279592514038,0.02820122241973877,6.185267448425293
0.04744762182235718,0.0025832056999206543,0.2314598560333252,0.20797008275985718,0.02780318260192871,6.222737431526184
0.04648101329803467,0.0032854080200195312,0.2366541028022766,0.20963168144226074,0.028863370418548584,6.303829371929169
0.04866683483123779,0.0019266605377197266,0.24271047115325928,0.20971179008483887,0.02900642156600952,6.386759102344513
0.04742300510406494,0.0030728578567504883,0.24429363012313843,0.20940697193145752,0.02906745672225952,6.395603358745575
0.049831390380859375,0.0019916892051696777,0.24572986364364624,0.20980039238929749,0.02803093194961548,6.427845537662506
0.049714744091033936,0.001261293888092041,0.2532562017440796,0.21017825603485107,0.026622295379638672,6.471033692359924
0.051283419132232666,0.002071678638458252,0.2560831904411316,0.21128493547439575,0.026909589767456055,6.562853574752808
0.05142068862915039,0.0014764070510864258,0.2588046193122864,0.21188312768936157,0.026918411254882812,6.589408993721008
0.05189317464828491,0.0007001161575317383,0.25743651390075684,0.21201884746551514,0.026836514472961426,6.571604609489441
0.052966415882110596,0.0012272000312805176,0.2579025626182556,0.21206116676330566,0.026107966899871826,6.596797049045563
0.05241507291793823,0.0016933679580688477,0.2574028968811035,0.21147221326828003,0.026014387607574463,6.580693423748016
0.05209594964981079,0.0013908743858337402,0.2566608190536499,0.21144914627075195,0.02610105276107788,6.562468469142914
0.05163067579269409,0.0018146634101867676,0.2613568902015686,0.2111961543560028,0.025359153747558594,6.593587517738342
0.05178117752075195,0.00028699636459350586,0.2589489817619324,0.21006345748901367,0.026070356369018555,6.542096138000488
0.052010953426361084,0.00029963254928588867,0.25876152515411377,0.2093166708946228,0.025530338287353516,6.527982831001282
0.050335705280303955,0.00025522708892822266,0.25520795583724976,0.20772260427474976,0.0277135968208313,6.471762955188751
0.05041491985321045,0.00010585784912109375,0.25250935554504395,0.20330411195755005,0.027605772018432617,6.389033317565918
0.04923999309539795,0.00012010335922241211,0.25252944231033325,0.19937819242477417,0.02697974443435669,6.309490621089935
0.047796785831451416,0.00018483400344848633,0.2538006901741028,0.19700556993484497,0.028743863105773926,6.292494416236877
0.04689812660217285,0.00013697147369384766,0.25064051151275635,0.19286680221557617,0.027770638465881348,6.177794337272644
0.0460471510887146,0.00019615888595581055,0.24698275327682495,0.18899953365325928,0.026682555675506592,6.062534153461456
0.04820072650909424,0.0002295374870300293,0.24183768033981323,0.18525519967079163,0.024249911308288574,5.973334074020386
0.047538816928863525,6.866455078125e-05,0.2365647554397583,0.17875030636787415,0.023905277252197266,5.821242690086365
0.04575705528259277,8.422136306762695e-05,0.23356181383132935,0.17395144701004028,0.023182034492492676,5.68742311000824
0.0452614426612854,8.046627044677734e-05,0.2273237109184265,0.17065560817718506,0.021784603595733643,5.5545507073402405
0.04459249973297119,4.547834396362305e-05,0.2215029001235962,0.16883689165115356,0.022911548614501953,5.477413535118103
0.041711509227752686,0.00013321638107299805,0.21362483501434326,0.16306233406066895,0.020517408847808838,5.23738557100296
0.04055202007293701,0.00018328428268432617,0.2074676752090454,0.1591608226299286,0.019869089126586914,5.096982479095459
0.0401153564453125,0.00017911195755004883,0.19997811317443848,0.1517791748046875,0.018337547779083252,4.901725590229034
0.039317429065704346,0.00011372566223144531,0.19330769777297974,0.14866256713867188,0.01730191707611084,4.764952182769775
0.038775473833084106,9.47713851928711e-05,0.18675172328948975,0.14526668190956116,0.016557276248931885,4.636291921138763
0.03730350732803345,0.00011718273162841797,0.18165946006774902,0.14185678958892822,0.018167316913604736,4.53956526517868
0.03454768657684326,6.109476089477539e-05,0.17340338230133057,0.13860711455345154,0.016838669776916504,4.341952681541443
0.03761512041091919,5.2094459533691406e-05,0.1608911156654358,0.13253909349441528,0.0139998197555542,4.1626176834106445
0.03956294059753418,0.00010222196578979492,0.15159368515014648,0.1303587555885315,0.007915258407592773,3.9920696020126343
0.03307235240936279,0.00021332502365112305,0.13645285367965698,0.13059881329536438,0.010433673858642578,3.753506302833557
0.037181973457336426,0.00014907121658325195,0.12142050266265869,0.1312086582183838,0.00700068473815918,3.640041947364807
0.03621268272399902,0.0003179311752319336,0.11265891790390015,0.12847810983657837,0.0044953227043151855,3.465732753276825
0.0317801833152771,0.00019747018814086914,0.10255259275436401,0.12946394085884094,0.006473839282989502,3.3153589367866516
0.028606772422790527,0.00028228759765625,0.10498970746994019,0.12994399666786194,0.007718920707702637,3.3022254705429077
0.027017414569854736,0.0002657771110534668,0.10400605201721191,0.12756171822547913,0.006726086139678955,3.21682471036911
0.022949695587158203,0.00019782781600952148,0.10526460409164429,0.12698370218276978,0.012760818004608154,3.230417549610138
0.025770485401153564,0.0003199577331542969,0.1029883623123169,0.12570005655288696,0.009265720844268799,3.198439061641693
0.025551438331604004,0.0005056262016296387,0.10055756568908691,0.12453553080558777,0.009706497192382812,3.165729522705078
0.028849542140960693,0.00014549493789672852,0.10064786672592163,0.11976003646850586,0.007358253002166748,3.133582651615143
0.02888786792755127,6.0677528381347656e-05,0.10151404142379761,0.12108781933784485,0.007412970066070557,3.1582383513450623
0.022455811500549316,0.00039899349212646484,0.10225635766983032,0.11767539381980896,0.009785652160644531,3.0377511978149414
0.02202737331390381,6.699562072753906e-05,0.1033211350440979,0.11732181906700134,0.011447787284851074,3.054543375968933
0.023060083389282227,8.016824722290039e-05,0.10634344816207886,0.1128832995891571,0.011848032474517822,3.058399260044098
0.02270948886871338,0.00015270709991455078,0.1070636510848999,0.11311578750610352,0.012045443058013916,3.0656461119651794
0.023119032382965088,3.808736801147461e-05,0.10905188322067261,0.11240142583847046,0.012880206108093262,3.095605254173279
0.020701050758361816,0.0001391768455505371,0.10704725980758667,0.11220675706863403,0.013930797576904297,3.0424418449401855
0.021293580532073975,0.00023829936981201172,0.10708123445510864,0.1110980212688446,0.014014661312103271,3.0443695187568665
0.02171158790588379,0.0001582503318786621,0.11153346300125122,0.10905492305755615,0.013170897960662842,3.0586374402046204
0.021245121955871582,0.000240325927734375,0.11286699771881104,0.10965031385421753,0.01385641098022461,3.0815482139587402
0.021427571773529053,0.00024396181106567383,0.1147647500038147,0.10915249586105347,0.01256704330444336,3.078925848007202
0.021084249019622803,0.0002536177635192871,0.11388307809829712,0.10994449257850647,0.013505995273590088,3.0870047211647034
0.021102070808410645,0.00017184019088745117,0.11298197507858276,0.10987859964370728,0.013279855251312256,3.072695314884186
0.022120952606201172,0.000292360782623291,0.11438173055648804,0.10987481474876404,0.012858986854553223,3.10288143157959
0.02210301160812378,0.00032132863998413086,0.11436760425567627,0.11084634065628052,0.012661397457122803,3.111597239971161
0.02142941951751709,0.0002675652503967285,0.11365556716918945,0.1112273633480072,0.013092279434204102,3.1010727882385254
0.023087918758392334,0.0002512931823730469,0.11489462852478027,0.11251217126846313,0.012280046939849854,3.1495746970176697
0.022728025913238525,0.0003269314765930176,0.11439353227615356,0.11486226320266724,0.011809945106506348,3.1598769426345825
0.02373427152633667,0.00045609474182128906,0.11416846513748169,0.11305594444274902,0.011437475681304932,3.1528132557868958
0.023384511470794678,0.00044733285903930664,0.11262428760528564,0.11425811052322388,0.012507796287536621,3.1606993675231934
0.023537278175354004,0.00031197071075439453,0.11454242467880249,0.11618375778198242,0.012550532817840576,3.204248368740082
0.02368694543838501,0.0003241896629333496,0.11492568254470825,0.11593157052993774,0.012322962284088135,3.204854428768158
0.02486741542816162,0.00020062923431396484,0.11596322059631348,0.11639735102653503,0.013037562370300293,3.2529234886169434
0.022845327854156494,0.00021094083786010742,0.11741942167282104,0.11771577596664429,0.012350380420684814,3.232742726802826
0.022194266319274902,0.00017791986465454102,0.11548441648483276,0.1172855794429779,0.013458728790283203,3.2112399339675903
0.022719502449035645,0.00032067298889160156,0.11390095949172974,0.11699417233467102,0.013427317142486572,3.20451158285141
0.02203547954559326,0.0002804994583129883,0.1139342188835144,0.11737984418869019,0.01376420259475708,3.2001219391822815
0.022667884826660156,0.0002002120018005371,0.114349365234375,0.11840832233428955,0.013770699501037598,3.2279155254364014
0.021599531173706055,0.0002982020378112793,0.11426252126693726,0.1189282238483429,0.014781057834625244,3.22883802652359
0.021450340747833252,0.0002751350402832031,0.11294621229171753,0.11885479092597961,0.013620257377624512,3.193982720375061
0.021757900714874268,0.00031250715255737305,0.11326885223388672,0.11997422575950623,0.014158010482788086,3.2255325317382812
0.021644949913024902,0.0003380775451660156,0.11423838138580322,0.11943984031677246,0.015423059463500977,3.2459921836853027
0.0221899151802063,0.00032019615173339844,0.11465167999267578,0.11804848909378052,0.013420343399047852,3.213965654373169
0.022105276584625244,0.00018465518951416016,0.1125757098197937,0.11869421601295471,0.013949215412139893,3.2047552466392517
0.02228158712387085,5.620718002319336e-05,0.1136925220489502,0.11847800016403198,0.013539016246795654,3.208389937877655
0.02142477035522461,2.5510787963867188e-05,0.11439412832260132,0.1191382110118866,0.014631092548370361,3.2220208048820496
0.020709574222564697,6.300210952758789e-05,0.11368834972381592,0.11902084946632385,0.014126956462860107,3.1923635601997375
0.021673262119293213,0.00020205974578857422,0.1147688627243042,0.1195533275604248,0.014186978340148926,3.232235550880432
0.02151787281036377,7.683038711547852e-05,0.11467379331588745,0.11911627650260925,0.014259576797485352,3.22176730632782
0.021708428859710693,5.608797073364258e-05,0.11395806074142456,0.11961793899536133,0.0143623948097229,3.2256099581718445
0.021721720695495605,5.9664249420166016e-05,0.11442631483078003,0.11925113201141357,0.014652490615844727,3.230572462081909
0.0213472843170166,0.00011211633682250977,0.11334168910980225,0.11942341923713684,0.01515662670135498,3.2228111028671265
0.021732628345489502,1.3530254364013672e-05,0.11518138647079468,0.11915495991706848,0.014695525169372559,3.237002372741699
0.022253811359405518,6.854534149169922e-05,0.11498725414276123,0.11951327323913574,0.014166414737701416,3.2428380846977234
0.021590888500213623,7.3909759521484375e-06,0.11478066444396973,0.12076452374458313,0.014448761940002441,3.2456631660461426
0.021670639514923096,6.61611557006836e-05,0.11562341451644897,0.1200556755065918,0.014306604862213135,3.2461050152778625
0.021592795848846436,5.9604644775390625e-06,0.11503875255584717,0.11969241499900818,0.014383196830749512,3.234407663345337
0.021665632724761963,8.821487426757812e-06,0.11441773176193237,0.11960166692733765,0.014148712158203125,3.2250994443893433
0.021678030490875244,2.580881118774414e-05,0.11468535661697388,0.11948215961456299,0.014274835586547852,3.2287871837615967
0.021693110466003418,6.657838821411133e-05,0.11315047740936279,0.12007945775985718,0.01420128345489502,3.2205381393432617
0.02118682861328125,5.960464477539062e-07,0.11490684747695923,0.11932092905044556,0.014378547668457031,3.220345139503479
0.020977318286895752,1.6570091247558594e-05,0.11595475673675537,0.11886581778526306,0.014336228370666504,3.220825433731079
0.021281301975250244,2.664327621459961e-05,0.11535495519638062,0.11899465322494507,0.013872265815734863,3.2156749963760376
0.021159112453460693,8.58306884765625e-06,0.11599576473236084,0.12057727575302124,0.012452781200408936,3.217013418674469
0.027532994747161865,0.0001074671745300293,0.11192893981933594,0.1209588348865509,0.010716557502746582,3.2841380834579468
0.028771400451660156,0.00010675191879272461,0.10741966962814331,0.12244924902915955,0.007682442665100098,3.2361738681793213
0.029578447341918945,0.00013756752014160156,0.10412180423736572,0.12253382802009583,0.004415154457092285,3.171896457672119
0.026244401931762695,0.00013571977615356445,0.10190880298614502,0.12283951044082642,0.008322536945343018,3.1453312039375305
0.02601689100265503,0.0001844167709350586,0.0993037223815918,0.12341079115867615,0.009154438972473145,3.1349406242370605
0.025028526782989502,0.00027817487716674805,0.09919524192810059,0.12216213345527649,0.007351100444793701,3.0737422108650208
0.02360975742340088,0.0001227855682373047,0.0995216965675354,0.12136852741241455,0.010298609733581543,3.080523729324341
0.025970518589019775,0.0001799464225769043,0.09830164909362793,0.12215444445610046,0.007374405860900879,3.082135319709778
0.026344597339630127,0.0001334547996520996,0.09950923919677734,0.12104734778404236,0.007160544395446777,3.0843628644943237
0.024824082851409912,5.418062210083008e-05,0.09862977266311646,0.11905348300933838,0.007024705410003662,3.017767012119293
0.02520620822906494,3.713369369506836e-05,0.10131639242172241,0.1219552755355835,0.00785285234451294,3.0992125868797302
0.024772703647613525,0.00032395124435424805,0.09904134273529053,0.1219969093799591,0.008316636085510254,3.0804110765457153
0.026708245277404785,0.00010263919830322266,0.09858030080795288,0.12168917059898376,0.005609095096588135,3.0662218928337097
